Workbook

Sheet Global
B4: Global Flexible Electronics and Circuit Market | D4: Market Value (US$ Million) | Q4: Global Flexible Electronics and Circuit Market | S4: Market Y-o-Y Growth (%) | AD4: Global Flexible Electronics and Circuit Market | AF4: Market Share (%)
C5: 2019 | D5: 2020 | E5: 2021 | F5: 2022 | G5: 2023 | H5: 2024 | I5: 2025 | J5: 2026 | K5: 2027 | L5: 2028 | M5: 2029 | N5: 2030 | O5: CAGR (2023-2030) % | R5: 2020 | S5: 2021 | T5: 2022 | U5: 2023 | V5: 2024 | W5: 2025 | X5: 2026 | Y5: 2027 | Z5: 2028 | AA5: 2029 | AB5: 2030 | AE5: 2019 | AF5: 2020 | AG5: 2021 | AH5: 2022 | AI5: 2023 | AJ5: 2024 | AK5: 2025 | AL5: 2026 | AM5: 2027 | AN5: 2028 | AO5: 2029 | AP5: 2030
B7: By Type | C7: 27500 | D7: 28100 | E7: 28900 | F7: 29900 | G7: 31300 | H7: 33000 | I7: 35000 | J7: 37600 | K7: 40900 | L7: 44950 | M7: 49880 | N7: 55859 | O7: =((N7/H7)^(1/7)-1)*100% -> 0.078087905 | Q7: By Type | R7: =(D7/C7-1)*100 -> 2.1818182 | S7: =(E7/D7-1)*100 -> 2.8469751 | T7: =(F7/E7-1)*100 -> 3.4602076 | U7: =(G7/F7-1)*100 -> 4.6822742 | V7: =(H7/G7-1)*100 -> 5.4313099 | W7: =(I7/H7-1)*100 -> 6.0606061 | X7: =(J7/I7-1)*100 -> 7.4285714 | Y7: =(K7/J7-1)*100 -> 8.7765957 | ... AB7: =(N7/M7-1)*100 -> 11.986768 | AD7: By Type | AE7: 1 | AF7: 1 | AG7: 1 | AH7: 1 | AI7: 1 | AJ7: 1 | AK7: 1 | AL7: 1 | AM7: 1 | AN7: 1 | AO7: 1 | AP7: 1
B8: Flexible Electronics | C8: =C$7*AE8 -> 15125 | D8: =D$7*AF8 -> 15449.891 | E8: =E$7*AG8 -> 15884.491 | F8: =F$7*AH8 -> 16428.691 | G8: =G$7*AI8 -> 17192.236 | H8: =H$7*AJ8 -> 18120 | I8: =I$7*AK8 -> 19211.818 | J8: =J$7*AL8 -> 20632.145 | ... N8: =N$7*AP8 -> 30610.732 | O8: =((N8/H8)^(1/7)-1)*100% -> 0.077781659 | Q8: Flexible Electronics | R8: =(D8/C8-1)*100 -> 2.1480391 | S8: =(E8/D8-1)*100 -> 2.8129648 | T8: =(F8/E8-1)*100 -> 3.4259833 | U8: =(G8/F8-1)*100 -> 4.6476342 | V8: =(H8/G8-1)*100 -> 5.3964104 | W8: =(I8/H8-1)*100 -> 6.0254867 | X8: =(J8/I8-1)*100 -> 7.3929873 | Y8: =(K8/J8-1)*100 -> 8.7405531 | ... AB8: =(N8/M8-1)*100 -> 11.949625 | AC8: 0.01 | AD8: Flexible Electronics | AE8: 0.55 | AF8: 0.54981818 | AG8: 0.54963636 | AH8: 0.54945455 | AI8: 0.54927273 | AJ8: 0.54909091 | AK8: 0.54890909 | AL8: 0.54872727 | AM8: 0.54854545 | AN8: 0.54836364 | AO8: 0.54818182 | AP8: 0.548
B9: Flexible Displays | C9: =C7*AE9 -> 5500 | D9: =D7*AF9 -> 5609.2709 | E9: =E7*AG9 -> 5757.9309 | F9: =F7*AH9 -> 5945.7509 | G9: =G7*AI9 -> 6212.1964 | H9: =H7*AJ9 -> 6537 | I9: =I7*AK9 -> 6919.8182 | J9: =J7*AL9 -> 7419.5055 | ... N9: =N7*AP9 -> 10937.192 | O9: =((N9/H9)^(1/7)-1)*100% -> 0.076297868 | Q9: Flexible Displays | R9: =(D9/C9-1)*100 -> 1.9867438 | S9: =(E9/D9-1)*100 -> 2.6502553 | T9: =(F9/E9-1)*100 -> 3.2619356 | U9: =(G9/F9-1)*100 -> 4.4812751 | V9: =(H9/G9-1)*100 -> 5.2284831 | W9: =(I9/H9-1)*100 -> 5.8561753 | X9: =(J9/I9-1)*100 -> 7.2211041 | Y9: =(K9/J9-1)*100 -> 8.5661186 | ... AB9: =(N9/M9-1)*100 -> 11.768814 | AC9: 0.01 | AD9: Flexible Displays | AE9: 0.2 | AF9: 0.19961818 | AG9: 0.19923636 | AH9: 0.19885455 | AI9: 0.19847273 | AJ9: 0.19809091 | AK9: 0.19770909 | AL9: 0.19732727 | AM9: 0.19694545 | AN9: 0.19656364 | AO9: 0.19618182 | AP9: 0.1958
B10: Flexible Batteries | C10: =C7*AE10 -> 3025 | D10: =D7*AF10 -> 3092.7882 | E10: =E7*AG10 -> 3182.6782 | F10: =F7*AH10 -> 3294.7082 | G10: =G7*AI10 -> 3450.9673 | H10: =H7*AJ10 -> 3640.5 | I10: =I7*AK10 -> 3863.3636 | J10: =J7*AL10 -> 4152.7491 | ... N10: =N7*AP10 -> 6183.5913 | O10: =((N10/H10)^(1/7)-1)*100% -> 0.078620163 | Q10: Flexible Batteries | R10: =(D10/C10-1)*100 -> 2.2409316 | S10: =(E10/D10-1)*100 -> 2.9064389 | T10: =(F10/E10-1)*100 -> 3.5199915 | U10: =(G10/F10-1)*100 -> 4.7427293 | V10: =(H10/G10-1)*100 -> 5.4921624 | W10: =(I10/H10-1)*100 -> 6.1217865 | X10: =(J10/I10-1)*100 -> 7.4905052 | Y10: =(K10/J10-1)*100 -> 8.8392705 | ... AB10: =(N10/M10-1)*100 -> 12.051181 | AC10: 0.03 | AD10: Flexible Batteries | AE10: 0.11 | AF10: 0.11006364 | AG10: 0.11012727 | AH10: 0.11019091 | AI10: 0.11025455 | AJ10: 0.11031818 | AK10: 0.11038182 | AL10: 0.11044545 | AM10: 0.11050909 | AN10: 0.11057273 | AO10: 0.11063636 | AP10: 0.1107
B11: Flexible Sensors | C11: =C7*AE11 -> 3850 | D11: =D7*AF11 -> 3935.2773 | E11: =E7*AG11 -> 4048.6273 | F11: =F7*AH11 -> 4190.0773 | G11: =G7*AI11 -> 4387.6909 | H11: =H7*AJ11 -> 4627.5 | I11: =I7*AK11 -> 4909.5455 | J11: =J7*AL11 -> 5275.9636 | ... N11: =N7*AP11 -> 7848.1895 | O11: =((N11/H11)^(1/7)-1)*100% -> 0.078387194 | Q11: Flexible Sensors | R11: =(D11/C11-1)*100 -> 2.2149941 | S11: =(E11/D11-1)*100 -> 2.8803561 | T11: =(F11/E11-1)*100 -> 3.4937768 | U11: =(G11/F11-1)*100 -> 4.7162289 | V11: =(H11/G11-1)*100 -> 5.4654965 | W11: =(I11/H11-1)*100 -> 6.0949855 | X11: =(J11/I11-1)*100 -> 7.463383 | Y11: =(K11/J11-1)*100 -> 8.8118327 | ... AB11: =(N11/M11-1)*100 -> 12.02301 | AC11: 0.02 | AD11: Flexible Sensors | AE11: 0.14 | AF11: 0.14004545 | AG11: 0.14009091 | AH11: 0.14013636 | AI11: 0.14018182 | AJ11: 0.14022727 | AK11: 0.14027273 | AL11: 0.14031818 | AM11: 0.14036364 | AN11: 0.14040909 | AO11: 0.14045455 | AP11: 0.1405
B12: Flexible Memory | C12: =C7*AE12 -> 2750 | D12: =D7*AF12 -> 2812.5545 | E12: =E7*AG12 -> 2895.2545 | F12: =F7*AH12 -> 2998.1545 | G12: =G7*AI12 -> 3141.3818 | H12: =H7*AJ12 -> 3315 | I12: =I7*AK12 -> 3519.0909 | J12: =J7*AL12 -> 3783.9273 | ... N12: =N7*AP12 -> 5641.759 | O12: =((N12/H12)^(1/7)-1)*100% -> 0.078922233 | Q12: Flexible Memory | R12: =(D12/C12-1)*100 -> 2.2747107 | S12: =(E12/D12-1)*100 -> 2.9403874 | T12: =(F12/E12-1)*100 -> 3.5540916 | U12: =(G12/F12-1)*100 -> 4.7771811 | V12: =(H12/G12-1)*100 -> 5.5268093 | W12: =(I12/H12-1)*100 -> 6.1565885 | X12: =(J12/I12-1)*100 -> 7.525704 | Y12: =(K12/J12-1)*100 -> 8.8748583 | ... AB12: =(N12/M12-1)*100 -> 12.087657 | AC12: 0.04 | AD12: Flexible Memory | AE12: 0.1 | AF12: 0.10009091 | AG12: 0.10018182 | AH12: 0.10027273 | AI12: 0.10036364 | AJ12: 0.10045455 | AK12: 0.10054545 | AL12: 0.10063636 | AM12: 0.10072727 | AN12: 0.10081818 | AO12: 0.10090909 | AP12: 0.101
B13: Flexible Circuit | C13: =C7*AE13 -> 12375 | D13: =D7*AF13 -> 12650.109 | E13: › | F13: =F7*AH13 -> 13471.309 | G13: =G7*AI13 -> 14107.764 | H13: =H7*AJ13 -> 14880 | I13: =I7*AK13 -> 15788.182 | J13: =J7*AL13 -> 16967.855 | K13: =K7*AM13 -> 18464.491 | L13: =L7*AN13 -> 20301.055 | M13: =M7*AO13 -> 22536.691 | N13: =N7*AP13 -> 25248.268 | O13: =((N13/H13)^(1/7)-1)*100% -> 0.07846013 | Q13: Flexible Circuit | R13: =(D13/C13-1)*100 -> 2.2231038 | S13: =(E13/D13-1)*100 -> #VALUE! | T13: =(F13/E13-1)*100 -> #VALUE! | U13: =(G13/F13-1)*100 -> 4.7245189 | V13: =(H13/G13-1)*100 -> 5.4738397 | W13: =(I13/H13-1)*100 -> 6.1033724 | X13: =(J13/I13-1)*100 -> 7.4718719 | Y13: =(K13/J13-1)*100 -> 8.8204219 | ... AB13: =(N13/M13-1)*100 -> 12.031833 | AC13: 0.02 | AD13: Flexible Circuit | AE13: 0.45 | AF13: 0.45018182 | AG13: 0.45036364 | AH13: 0.45054545 | AI13: 0.45072727 | AJ13: 0.45090909 | AK13: 0.45109091 | AL13: 0.45127273 | AM13: 0.45145455 | AN13: 0.45163636 | AO13: 0.45181818 | AP13: 0.452
B14: Single Sided Flex Circuit | C14: =C7*AE14 -> 3025 | D14: =D7*AF14 -> 3093.0436 | E14: =E7*AG14 -> 3183.2036 | F14: =F7*AH14 -> 3295.5236 | G14: =G7*AI14 -> 3452.1055 | H14: =H7*AJ14 -> 3642 | I14: =I7*AK14 -> 3865.2727 | J14: =J7*AL14 -> 4155.1418 | ... N14: =N7*AP14 -> 6189.1772 | O14: =((N14/H14)^(1/7)-1)*100% -> 0.078695822 | Q14: Single Sided Flex Circuit | R14: =(D14/C14-1)*100 -> 2.2493764 | S14: =(E14/D14-1)*100 -> 2.9149282 | T14: =(F14/E14-1)*100 -> 3.5285207 | U14: =(G14/F14-1)*100 -> 4.7513487 | V14: =(H14/G14-1)*100 -> 5.5008327 | W14: =(I14/H14-1)*100 -> 6.1304977 | X14: =(J14/I14-1)*100 -> 7.4993179 | Y14: =(K14/J14-1)*100 -> 8.8481828 | ... AB14: =(N14/M14-1)*100 -> 12.060323 | AC14: 0.02 | AD14: Single Sided Flex Circuit | AE14: 0.11 | AF14: 0.11007273 | AG14: 0.11014545 | AH14: 0.11021818 | AI14: 0.11029091 | AJ14: 0.11036364 | AK14: 0.11043636 | AL14: 0.11050909 | AM14: 0.11058182 | AN14: 0.11065455 | AO14: 0.11072727 | AP14: 0.1108
B15: Double Sided Flex Circuit | C15: =C7*AE15 -> 2475 | D15: =D7*AF15 -> 2532.8318 | E15: =E7*AG15 -> 2608.8818 | F15: =F7*AH15 -> 2703.2318 | G15: =G7*AI15 -> 2834.0727 | H15: =H7*AJ15 -> 2992.5 | I15: =I7*AK15 -> 3178.6364 | J15: =J7*AL15 -> 3419.8909 | ... N15: =N7*AP15 -> 5111.0985 | O15: =((N15/H15)^(1/7)-1)*100% -> 0.079472149 | Q15: Double Sided Flex Circuit | R15: =(D15/C15-1)*100 -> 2.3366391 | S15: =(E15/D15-1)*100 -> 3.0025681 | T15: =(F15/E15-1)*100 -> 3.6164919 | U15: =(G15/F15-1)*100 -> 4.8401661 | V15: =(H15/G15-1)*100 -> 5.590092 | W15: =(I15/H15-1)*100 -> 6.2200957 | X15: =(J15/I15-1)*100 -> 7.5898756 | Y15: =(K15/J15-1)*100 -> 8.9396791 | ... AB15: =(N15/M15-1)*100 -> 12.153913 | AC15: 0.03 | AD15: Double Sided Flex Circuit | AE15: 0.09 | AF15: 0.090136364 | AG15: 0.090272727 | AH15: 0.090409091 | AI15: 0.090545455 | AJ15: 0.090681818 | AK15: 0.090818182 | AL15: 0.090954545 | AM15: 0.091090909 | AN15: 0.091227273 | AO15: 0.091363636 | AP15: 0.0915
B16: Multilayer Flex Circuit | C16: =C7*AE16 -> 3575 | D16: =D7*AF16 -> 3648.4018 | E16: =E7*AG16 -> 3747.5418 | F16: =F7*AH16 -> 3872.3218 | G16: =G7*AI16 -> 4048.5127 | H16: =H7*AJ16 -> 4263 | I16: =I7*AK16 -> 4515.6364 | J16: =J7*AL16 -> 4844.9309 | ... N16: =N7*AP16 -> 7161.1238 | O16: =((N16/H16)^(1/7)-1)*100% -> 0.076913536 | Q16: Multilayer Flex Circuit | R16: =(D16/C16-1)*100 -> 2.0531977 | S16: =(E16/D16-1)*100 -> 2.7173542 | T16: =(F16/E16-1)*100 -> 3.3296493 | U16: =(G16/F16-1)*100 -> 4.5500069 | V16: =(H16/G16-1)*100 -> 5.2979276 | W16: =(I16/H16-1)*100 -> 5.9262577 | X16: =(J16/I16-1)*100 -> 7.2923176 | Y16: =(K16/J16-1)*100 -> 8.638457 | ... AB16: =(N16/M16-1)*100 -> 11.844009 | AC16: 0.01 | AD16: Multilayer Flex Circuit | AE16: 0.13 | AF16: 0.12983636 | AG16: 0.12967273 | AH16: 0.12950909 | AI16: 0.12934545 | AJ16: 0.12918182 | AK16: 0.12901818 | AL16: 0.12885455 | AM16: 0.12869091 | AN16: 0.12852727 | AO16: 0.12836364 | AP16: 0.1282
B17: Rigid Flex Circuit | C17: =C7*AE17 -> 1925 | D17: =D7*AF17 -> 1968.2773 | E17: =E7*AG17 -> 2025.6273 | F17: =F7*AH17 -> 2097.0773 | G17: =G7*AI17 -> 2196.6909 | H17: =H7*AJ17 -> 2317.5 | I17: =I7*AK17 -> 2459.5455 | J17: =J7*AL17 -> 2643.9636 | ... N17: =N7*AP17 -> 3938.0595 | O17: =((N17/H17)^(1/7)-1)*100% -> 0.078685019 | Q17: Rigid Flex Circuit | R17: =(D17/C17-1)*100 -> 2.24817 | S17: =(E17/D17-1)*100 -> 2.9137155 | T17: =(F17/E17-1)*100 -> 3.5273024 | U17: =(G17/F17-1)*100 -> 4.7501176 | V17: =(H17/G17-1)*100 -> 5.4995944 | W17: =(I17/H17-1)*100 -> 6.1292537 | X17: =(J17/I17-1)*100 -> 7.4980595 | Y17: =(K17/J17-1)*100 -> 8.8469103 | ... AB17: =(N17/M17-1)*100 -> 12.059018 | AC17: 0.04 | AD17: Rigid Flex Circuit | AE17: 0.07 | AF17: 0.070045455 | AG17: 0.070090909 | AH17: 0.070136364 | AI17: 0.070181818 | AJ17: 0.070227273 | AK17: 0.070272727 | AL17: 0.070318182 | AM17: 0.070363636 | AN17: 0.070409091 | AO17: 0.070454545 | AP17: 0.0705
B18: Others | C18: =C7*AE18 -> 1375 | D18: =D7*AF18 -> 1407.5545 | E18: =E7*AG18 -> 1450.2545 | F18: =F7*AH18 -> 1503.1545 | G18: =G7*AI18 -> 1576.3818 | H18: =H7*AJ18 -> 1665 | I18: =I7*AK18 -> 1769.0909 | J18: =J7*AL18 -> 1903.9273 | ... N18: =N7*AP18 -> 2848.809 | O18: =((N18/H18)^(1/7)-1)*100% -> 0.079745243 | Q18: Others | R18: =(D18/C18-1)*100 -> 2.3676033 | S18: =(E18/D18-1)*100 -> 3.0336302 | T18: =(F18/E18-1)*100 -> 3.6476355 | U18: =(G18/F18-1)*100 -> 4.8715731 | V18: =(H18/G18-1)*100 -> 5.6216191 | W18: =(I18/H18-1)*100 -> 6.2517063 | X18: =(J18/I18-1)*100 -> 7.6217883 | Y18: =(K18/J18-1)*100 -> 8.9718859 | ... AB18: =(N18/M18-1)*100 -> 12.186745 | AC18: 0.05 | AD18: Others | AE18: 0.05 | AF18: 0.050090909 | AG18: 0.050181818 | AH18: 0.050272727 | AI18: 0.050363636 | AJ18: 0.050454545 | AK18: 0.050545455 | AL18: 0.050636364 | AM18: 0.050727273 | AN18: 0.050818182 | AO18: 0.050909091 | AP18: 0.051
B20: By Vertical | C20: =C7 -> 27500 | D20: =D7 -> 28100 | E20: =E7 -> 28900 | F20: =F7 -> 29900 | G20: =G7 -> 31300 | H20: =H7 -> 33000 | I20: =I7 -> 35000 | J20: =J7 -> 37600 | ... N20: =N7 -> 55859 | O20: =((N20/H20)^(1/7)-1)*100% -> 0.078087905 | Q20: By Vertical | R20: =(D20/C20-1)*100 -> 2.1818182 | S20: =(E20/D20-1)*100 -> 2.8469751 | T20: =(F20/E20-1)*100 -> 3.4602076 | U20: =(G20/F20-1)*100 -> 4.6822742 | V20: =(H20/G20-1)*100 -> 5.4313099 | W20: =(I20/H20-1)*100 -> 6.0606061 | X20: =(J20/I20-1)*100 -> 7.4285714 | Y20: =(K20/J20-1)*100 -> 8.7765957 | ... AB20: =(N20/M20-1)*100 -> 11.986768 | AD20: By Vertical | AE20: 1 | AF20: 1 | AG20: 1 | AH20: 1 | AI20: 1 | AJ20: 1 | AK20: 1 | AL20: 1 | AM20: 1 | AN20: 1 | AO20: 1 | AP20: 1
B21: Automotive | C21: =C20*AE21 -> 4578.75 | D21: =D20*AF21 -> 4679.9273 | E21: =E20*AG21 -> 4814.4773 | F21: =F20*AH21 -> 4982.4273 | G21: =G20*AI21 -> 5217.1409 | H21: =H20*AJ21 -> 5502 | I21: =I20*AK21 -> 5837.0455 | J21: =J20*AL21 -> 6272.3636 | ... N21: =N20*AP21 -> 9328.453 | O21: =((N21/H21)^(1/7)-1)*100% -> 0.078339658 | Q21: Automotive | R21: =(D21/C21-1)*100 -> 2.2097138 | S21: =(E21/D21-1)*100 -> 2.8750447 | T21: =(F21/E21-1)*100 -> 3.4884369 | U21: =(G21/F21-1)*100 -> 4.7108292 | V21: =(H21/G21-1)*100 -> 5.4600613 | W21: =(I21/H21-1)*100 -> 6.0895212 | X21: =(J21/I21-1)*100 -> 7.4578515 | Y21: =(K21/J21-1)*100 -> 8.8062351 | ... AB21: =(N21/M21-1)*100 -> 12.017257 | AC21: 0.03 | AD21: Automotive | AE21: 0.1665 | AF21: 0.16654545 | AG21: 0.16659091 | AH21: 0.16663636 | AI21: 0.16668182 | AJ21: 0.16672727 | AK21: 0.16677273 | AL21: 0.16681818 | AM21: 0.16686364 | AN21: 0.16690909 | AO21: 0.16695455 | AP21: 0.167
B22: Military, Defense and Aerospace | C22: =C20*AE22 -> 3448.5 | D22: =D20*AF22 -> 3526.55 | E22: =E20*AG22 -> 3629.84 | F22: =F20*AH22 -> 3758.43 | G22: =G20*AI22 -> 3937.54 | H22: =H20*AJ22 -> 4154.7 | I22: =I20*AK22 -> 4410 | J22: =J20*AL22 -> 4741.36 | ... N22: =N20*AP22 -> 7066.1635 | O22: =((N22/H22)^(1/7)-1)*100% -> 0.078820386 | Q22: Military, Defense and Aerospace | R22: =(D22/C22-1)*100 -> 2.2633029 | S22: =(E22/D22-1)*100 -> 2.9289249 | T22: =(F22/E22-1)*100 -> 3.5425804 | U22: =(G22/F22-1)*100 -> 4.7655537 | V22: =(H22/G22-1)*100 -> 5.5151186 | W22: =(I22/H22-1)*100 -> 6.144848 | X22: =(J22/I22-1)*100 -> 7.5138322 | Y22: =(K22/J22-1)*100 -> 8.8628579 | ... AB22: =(N22/M22-1)*100 -> 12.075365 | AC22: 0.04 | AD22: Military, Defense and Aerospace | AE22: 0.1254 | AF22: 0.1255 | AG22: 0.1256 | AH22: 0.1257 | AI22: 0.1258 | AJ22: 0.1259 | AK22: 0.126 | AL22: 0.1261 | AM22: 0.1262 | AN22: 0.1263 | AO22: 0.1264 | AP22: 0.1265
B23: Consumer Electronics | C23: =C20*AE23 -> 6696.25 | D23: =D20*AF23 -> 6837.7518 | E23: =E20*AG23 -> 7027.6918 | F23: =F20*AH23 -> 7265.9718 | G23: =G20*AI23 -> 7601.0627 | H23: =H20*AJ23 -> 8008.5 | I23: =I20*AK23 -> 8488.1364 | J23: =J20*AL23 -> 9112.5309 | ... N23: =N20*AP23 -> 13501.12 | O23: =((N23/H23)^(1/7)-1)*100% -> 0.077463733 | Q23: Consumer Electronics | R23: =(D23/C23-1)*100 -> 2.1131502 | S23: =(E23/D23-1)*100 -> 2.7778136 | T23: =(F23/E23-1)*100 -> 3.3905869 | U23: =(G23/F23-1)*100 -> 4.6117838 | V23: =(H23/G23-1)*100 -> 5.3602672 | W23: =(I23/H23-1)*100 -> 5.9890911 | X23: =(J23/I23-1)*100 -> 7.3560852 | Y23: =(K23/J23-1)*100 -> 8.7031504 | ... AB23: =(N23/M23-1)*100 -> 11.911002 | AC23: 0.01 | AD23: Consumer Electronics | AE23: 0.2435 | AF23: 0.24333636 | AG23: 0.24317273 | AH23: 0.24300909 | AI23: 0.24284545 | AJ23: 0.24268182 | AK23: 0.24251818 | AL23: 0.24235455 | AM23: 0.24219091 | AN23: 0.24202727 | AO23: 0.24186364 | AP23: 0.2417
B24: Industrial | C24: =C20*AE24 -> 3165.25 | D24: =D20*AF24 -> 3235.8427 | E24: =E20*AG24 -> 3329.5427 | F24: =F20*AH24 -> 3446.3827 | G24: =G20*AI24 -> 3609.4591 | H24: =H20*AJ24 -> 3807.3 | I24: =I20*AK24 -> 4039.9545 | J24: =J20*AL24 -> 4342.1164 | ... N24: =N20*AP24 -> 6462.8863 | O24: =((N24/H24)^(1/7)-1)*100% -> 0.078524256 | Q24: Industrial | R24: =(D24/C24-1)*100 -> 2.2302418 | S24: =(E24/D24-1)*100 -> 2.8956908 | T24: =(F24/E24-1)*100 -> 3.5091906 | U24: =(G24/F24-1)*100 -> 4.7318124 | V24: =(H24/G24-1)*100 -> 5.4811789 | W24: =(I24/H24-1)*100 -> 6.110749 | X24: =(J24/I24-1)*100 -> 7.4793371 | Y24: =(K24/J24-1)*100 -> 8.8279741 | ... AB24: =(N24/M24-1)*100 -> 12.039588 | AC24: 0.05 | AD24: Industrial | AE24: 0.1151 | AF24: 0.11515455 | AG24: 0.11520909 | AH24: 0.11526364 | AI24: 0.11531818 | AJ24: 0.11537273 | AK24: 0.11542727 | AL24: 0.11548182 | AM24: 0.11553636 | AN24: 0.11559091 | AO24: 0.11564545 | AP24: 0.1157
B25: Healthcare and Medical | C25: =C20*AE25 -> 4983 | D25: =D20*AF25 -> 5086.1 | E25: =E20*AG25 -> 5225.12 | F25: =F20*AH25 -> 5399.94 | G25: =G20*AI25 -> 5646.52 | H25: =H20*AJ25 -> 5946.6 | I25: =I20*AK25 -> 6300 | J25: =J20*AL25 -> 6760.48 | ... N25: =N20*AP25 -> 9998.761 | O25: =((N25/H25)^(1/7)-1)*100% -> 0.077059355 | Q25: Healthcare and Medical | R25: =(D25/C25-1)*100 -> 2.0690347 | S25: =(E25/D25-1)*100 -> 2.733332 | T25: =(F25/E25-1)*100 -> 3.3457605 | U25: =(G25/F25-1)*100 -> 4.566347 | V25: =(H25/G25-1)*100 -> 5.3144238 | W25: =(I25/H25-1)*100 -> 5.9428917 | X25: =(J25/I25-1)*100 -> 7.3092063 | Y25: =(K25/J25-1)*100 -> 8.6555984 | ... AB25: =(N25/M25-1)*100 -> 11.861783 | AC25: 0.02 | AD25: Healthcare and Medical | AE25: 0.1812 | AF25: 0.181 | AG25: 0.1808 | AH25: 0.1806 | AI25: 0.1804 | AJ25: 0.1802 | AK25: 0.18 | AL25: 0.1798 | AM25: 0.1796 | AN25: 0.1794 | AO25: 0.1792 | AP25: 0.179
B26: Energy and Power | C26: =C20*AE26 -> 2433.75 | D26: =D20*AF26 -> 2488.3827 | E26: =E20*AG26 -> 2560.8027 | F26: =F20*AH26 -> 2651.0427 | G26: =G20*AI26 -> 2776.8791 | H26: =H20*AJ26 -> 2929.5 | I26: =I20*AK26 -> 3108.9545 | J26: =J20*AL26 -> 3341.9564 | ... N26: =N20*AP26 -> 4977.0369 | O26: =((N26/H26)^(1/7)-1)*100% -> 0.078654798 | Q26: Energy and Power | R26: =(D26/C26-1)*100 -> 2.2447962 | S26: =(E26/D26-1)*100 -> 2.910324 | T26: =(F26/E26-1)*100 -> 3.523895 | U26: =(G26/F26-1)*100 -> 4.7466743 | V26: =(H26/G26-1)*100 -> 5.4961309 | W26: =(I26/H26-1)*100 -> 6.1257739 | X26: =(J26/I26-1)*100 -> 7.4945392 | Y26: =(K26/J26-1)*100 -> 8.8433503 | ... AB26: =(N26/M26-1)*100 -> 12.055367 | AC26: 0.06 | AD26: Energy and Power | AE26: 0.0885 | AF26: 0.088554545 | AG26: 0.088609091 | AH26: 0.088663636 | AI26: 0.088718182 | AJ26: 0.088772727 | AK26: 0.088827273 | AL26: 0.088881818 | AM26: 0.088936364 | AN26: 0.088990909 | AO26: 0.089045455 | AP26: 0.0891
B27: Others | C27: =C20*AE27 -> 2194.5 | D27: =D20*AF27 -> 2245.4455 | E27: =E20*AG27 -> 2312.5255 | F27: =F20*AH27 -> 2395.8055 | G27: =G20*AI27 -> 2511.3982 | H27: =H20*AJ27 -> 2651.4 | I27: =I20*AK27 -> 2815.9091 | J27: =J20*AL27 -> 3029.1927 | ... N27: =N20*AP27 -> 4524.579 | O27: =((N27/H27)^(1/7)-1)*100% -> 0.079338231 | Q27: Others | R27: =(D27/C27-1)*100 -> 2.3215062 | S27: =(E27/D27-1)*100 -> 2.9873805 | T27: =(F27/E27-1)*100 -> 3.6012577 | U27: =(G27/F27-1)*100 -> 4.8247961 | V27: =(H27/G27-1)*100 -> 5.5746563 | W27: =(I27/H27-1)*100 -> 6.2046123 | X27: =(J27/I27-1)*100 -> 7.5742373 | Y27: =(K27/J27-1)*100 -> 8.9238897 | ... AB27: =(N27/M27-1)*100 -> 12.137796 | AC27: 0.07 | AD27: Others | AE27: 0.0798 | AF27: 0.079909091 | AG27: 0.080018182 | AH27: 0.080127273 | AI27: 0.080236364 | AJ27: 0.080345455 | AK27: 0.080454545 | AL27: 0.080563636 | AM27: 0.080672727 | AN27: 0.080781818 | AO27: 0.080890909 | AP27: 0.081
B29: By Region | C29: =C7 -> 27500 | D29: =D7 -> 28100 | E29: =E7 -> 28900 | F29: =F7 -> 29900 | G29: =G7 -> 31300 | H29: =H7 -> 33000 | I29: =I7 -> 35000 | J29: =J7 -> 37600 | ... N29: =N7 -> 55859 | O29: =((N29/H29)^(1/7)-1)*100% -> 0.078087905 | Q29: By Region | R29: =(D29/C29-1)*100 -> 2.1818182 | S29: =(E29/D29-1)*100 -> 2.8469751 | T29: =(F29/E29-1)*100 -> 3.4602076 | U29: =(G29/F29-1)*100 -> 4.6822742 | V29: =(H29/G29-1)*100 -> 5.4313099 | W29: =(I29/H29-1)*100 -> 6.0606061 | X29: =(J29/I29-1)*100 -> 7.4285714 | Y29: =(K29/J29-1)*100 -> 8.7765957 | ... AB29: =(N29/M29-1)*100 -> 11.986768 | AD29: By Region | AE29: 1 | AF29: 1 | AG29: 1 | AH29: 1 | AI29: 1 | AJ29: 1 | AK29: 1 | AL29: 1 | AM29: 1 | AN29: 1 | AO29: 1 | AP29: 1
B30: North America | C30: =C29*AE30 -> 8525 | D30: =D29*AF30 -> 8696.95 | E30: =E29*AG30 -> 8930.1 | F30: =F29*AH30 -> 9224.15 | G30: =G29*AI30 -> 9640.4 | H30: =H29*AJ30 -> 10147.5 | I30: =I29*AK30 -> 10745 | J30: =J29*AL30 -> 11524.4 | ... N30: =N29*AP30 -> 17009.066 | O30: =((N30/H30)^(1/7)-1)*100% -> 0.076579023 | Q30: North America | R30: =(D30/C30-1)*100 -> 2.0170088 | S30: =(E30/D30-1)*100 -> 2.6808249 | T30: =(F30/E30-1)*100 -> 3.2927963 | U30: =(G30/F30-1)*100 -> 4.5126109 | V30: =(H30/G30-1)*100 -> 5.2601552 | W30: =(I30/H30-1)*100 -> 5.8881498 | X30: =(J30/I30-1)*100 -> 7.2536063 | Y30: =(K30/J30-1)*100 -> 8.5991462 | ... AB30: =(N30/M30-1)*100 -> 11.803183 | AC30: 0.01 | AD30: North America | AE30: 0.31 | AF30: 0.3095 | AG30: 0.309 | AH30: 0.3085 | AI30: 0.308 | AJ30: 0.3075 | AK30: 0.307 | AL30: 0.3065 | AM30: 0.306 | AN30: 0.3055 | AO30: 0.305 | AP30: 0.3045
B31: Europe | C31: =C29*AE31 -> 6490 | D31: =D29*AF31 -> 6622.6591 | E31: =E29*AG31 -> 6802.0091 | F31: =F29*AH31 -> 7027.8591 | G31: =G29*AI31 -> 7346.9636 | H31: =H29*AJ31 -> 7735.5 | I31: =I29*AK31 -> 8193.1818 | J31: =J29*AL31 -> 8789.8545 | ... N31: =N29*AP31 -> 12987.218 | O31: =((N31/H31)^(1/7)-1)*100% -> 0.076829185 | Q31: Europe | R31: =(D31/C31-1)*100 -> 2.0440538 | S31: =(E31/D31-1)*100 -> 2.7081267 | T31: =(F31/E31-1)*100 -> 3.3203425 | U31: =(G31/F31-1)*100 -> 4.5405655 | V31: =(H31/G31-1)*100 -> 5.2883937 | W31: =(I31/H31-1)*100 -> 5.9166417 | X31: =(J31/I31-1)*100 -> 7.282552 | Y31: =(K31/J31-1)*100 -> 8.6285428 | ... AB31: =(N31/M31-1)*100 -> 11.833721 | AC31: 0.02 | AD31: Europe | AE31: 0.236 | AF31: 0.23568182 | AG31: 0.23536364 | AH31: 0.23504545 | AI31: 0.23472727 | AJ31: 0.23440909 | AK31: 0.23409091 | AL31: 0.23377273 | AM31: 0.23345455 | AN31: 0.23313636 | AO31: 0.23281818 | AP31: 0.2325
B32: Asia-Pacific | C32: =C29*AE32 -> 5720 | D32: =D29*AF32 -> 5849.9091 | E32: =E29*AG32 -> 6021.7091 | F32: =F29*AH32 -> 6235.5091 | G32: =G29*AI32 -> 6533.1636 | H32: =H29*AJ32 -> 6894 | I32: =I29*AK32 -> 7318.1818 | J32: =J29*AL32 -> 7868.6545 | ... N32: =N29*AP32 -> 11730.39 | O32: =((N32/H32)^(1/7)-1)*100% -> 0.078890354 | Q32: Asia-Pacific | R32: =(D32/C32-1)*100 -> 2.271138 | S32: =(E32/D32-1)*100 -> 2.9367978 | T32: =(F32/E32-1)*100 -> 3.550487 | U32: =(G32/F32-1)*100 -> 4.7735404 | V32: =(H32/G32-1)*100 -> 5.523149 | W32: =(I32/H32-1)*100 -> 6.1529129 | X32: =(J32/I32-1)*100 -> 7.5219876 | Y32: =(K32/J32-1)*100 -> 8.8711019 | ... AB32: =(N32/M32-1)*100 -> 12.083811 | AC32: 0.03 | AD32: Asia-Pacific | AE32: 0.208 | AF32: 0.20818182 | AG32: 0.20836364 | AH32: 0.20854545 | AI32: 0.20872727 | AJ32: 0.20890909 | AK32: 0.20909091 | AL32: 0.20927273 | AM32: 0.20945455 | AN32: 0.20963636 | AO32: 0.20981818 | AP32: 0.21
B33: Latin America | C33: =C29*AE33 -> 3575 | D33: =D29*AF33 -> 3659.3864 | E33: =E29*AG33 -> 3770.1364 | F33: =F29*AH33 -> 3907.3864 | G33: =G29*AI33 -> 4097.4545 | H33: =H29*AJ33 -> 4327.5 | I33: =I29*AK33 -> 4597.7273 | J33: =J29*AL33 -> 4947.8182 | ... N33: =N29*AP33 -> 7401.3175 | O33: =((N33/H33)^(1/7)-1)*100% -> 0.079682331 | Q33: Latin America | R33: =(D33/C33-1)*100 -> 2.3604577 | S33: =(E33/D33-1)*100 -> 3.0264637 | T33: =(F33/E33-1)*100 -> 3.6404519 | U33: =(G33/F33-1)*100 -> 4.8643304 | V33: =(H33/G33-1)*100 -> 5.6143504 | W33: =(I33/H33-1)*100 -> 6.2444199 | X33: =(J33/I33-1)*100 -> 7.614434 | Y33: =(K33/J33-1)*100 -> 8.9644655 | ... AB33: =(N33/M33-1)*100 -> 12.179185 | AC33: 0.04 | AD33: Latin America | AE33: 0.13 | AF33: 0.13022727 | AG33: 0.13045455 | AH33: 0.13068182 | AI33: 0.13090909 | AJ33: 0.13113636 | AK33: 0.13136364 | AL33: 0.13159091 | AM33: 0.13181818 | AN33: 0.13204545 | AO33: 0.13227273 | AP33: 0.1325
B34: Middle East & Africa | C34: =C29*AE34 -> 3190 | D34: =D29*AF34 -> 3271.0955 | E34: =E29*AG34 -> 3376.0455 | F34: =F29*AH34 -> 3505.0955 | G34: =G29*AI34 -> 3682.0182 | H34: =H29*AJ34 -> 3895.5 | I34: =I29*AK34 -> 4145.9091 | J34: =J29*AL34 -> 4469.2727 | ... N34: =N29*AP34 -> 6731.0095 | O34: =((N34/H34)^(1/7)-1)*100% -> 0.081262147 | Q34: Middle East & Africa | R34: =(D34/C34-1)*100 -> 2.5421773 | S34: =(E34/D34-1)*100 -> 3.2084053 | T34: =(F34/E34-1)*100 -> 3.8225196 | U34: =(G34/F34-1)*100 -> 5.0475866 | V34: =(H34/G34-1)*100 -> 5.7979567 | W34: =(I34/H34-1)*100 -> 6.428163 | X34: =(J34/I34-1)*100 -> 7.7995834 | Y34: =(K34/J34-1)*100 -> 9.1509703 | ... AB34: =(N34/M34-1)*100 -> 12.368252 | AC34: 0.05 | AD34: Middle East & Africa | AE34: 0.116 | AF34: 0.11640909 | AG34: 0.11681818 | AH34: 0.11722727 | AI34: 0.11763636 | AJ34: 0.11804545 | AK34: 0.11845455 | AL34: 0.11886364 | AM34: 0.11927273 | AN34: 0.11968182 | AO34: 0.12009091 | AP34: 0.1205
C37: 15125 | D37: 15449.891 | E37: 15884.491 | F37: 16428.691 | G37: 17192.236 | H37: 18120 | I37: 19211.818 | J37: 20632.145 | K37: 22435.509 | L37: 24648.945 | M37: 27343.309 | N37: 30610.732
C38: 5500 | D38: 5609.2709 | E38: 5757.9309 | F38: 5945.7509 | G38: 6212.1964 | H38: 6537 | I38: 6919.8182 | J38: 7419.5055 | K38: 8055.0691 | L38: 8835.5355 | M38: 9785.5491 | N38: 10937.192
C39: 3025 | D39: 3092.7882 | E39: 3182.6782 | F39: 3294.7082 | G39: 3450.9673 | H39: 3640.5 | I39: 3863.3636 | J39: 4152.7491 | K39: 4519.8218 | L39: 4970.2441 | M39: 5518.5418 | N39: 6183.5913
C40: 3850 | D40: 3935.2773 | E40: 4048.6273 | F40: 4190.0773 | G40: 4387.6909 | H40: 4627.5 | I40: 4909.5455 | J40: 5275.9636 | K40: 5740.8727 | L40: 6311.3886 | M40: 7005.8727 | N40: 7848.1895
C41: 2750 | D41: 2812.5545 | E41: 2895.2545 | F41: 2998.1545 | G41: 3141.3818 | H41: 3315 | I41: 3519.0909 | J41: 3783.9273 | K41: 4119.7455 | L41: 4531.7773 | M41: 5033.3455 | N41: 5641.759
C42: 12375 | D42: 12650.109 | E42: › | F42: 13471.309 | G42: 14107.764 | H42: 14880 | I42: 15788.182 | J42: 16967.855 | K42: 18464.491 | L42: 20301.055 | M42: 22536.691 | N42: 25248.268 | AH42: 2023 | AI42: 2030
C43: 3025 | D43: 3093.0436 | E43: 3183.2036 | F43: 3295.5236 | G43: 3452.1055 | H43: 3642 | I43: 3865.2727 | J43: 4155.1418 | K43: 4522.7964 | L43: 4973.9218 | M43: 5523.0764 | N43: 6189.1772 | AG43: =AD8 -> Flexible Electronics | AH43: =AI8 -> 0.54927273 | AI43: =AP8 -> 0.548
C44: 2475 | D44: 2532.8318 | E44: 2608.8818 | F44: 2703.2318 | G44: 2834.0727 | H44: 2992.5 | I44: 3178.6364 | J44: 3419.8909 | K44: 3725.6182 | L44: 4100.6659 | M44: 4557.2182 | N44: 5111.0985 | AG44: =AD13 -> Flexible Circuit | AH44: =AI13 -> 0.45072727 | AI44: =AP13 -> 0.452
C45: 3575 | D45: 3648.4018 | E45: 3747.5418 | F45: 3872.3218 | G45: 4048.5127 | H45: 4263 | I45: 4515.6364 | J45: 4844.9309 | K45: 5263.4582 | L45: 5777.3009 | M45: 6402.7782 | N45: 7161.1238
C46: 1925 | D46: 1968.2773 | E46: 2025.6273 | F46: 2097.0773 | G46: 2196.6909 | H46: 2317.5 | I46: 2459.5455 | J46: 2643.9636 | K46: 2877.8727 | L46: 3164.8886 | M46: 3514.2727 | N46: 3938.0595
C47: 1375 | D47: 1407.5545 | E47: 1450.2545 | F47: 1503.1545 | G47: 1576.3818 | H47: 1665 | I47: 1769.0909 | J47: 1903.9273 | K47: 2074.7455 | L47: 2284.2773 | M47: 2539.3455 | N47: 2848.809
AH55: 2023 | AI55: 2030
AG56: =AD21 -> Automotive | AH56: =AI21 -> 0.16668182 | AI56: =AP21 -> 0.167
AG57: =AD22 -> Military, Defense and Aerospace | AH57: =AI22 -> 0.1258 | AI57: =AP22 -> 0.1265
AG58: =AD23 -> Consumer Electronics | AH58: =AI23 -> 0.24284545 | AI58: =AP23 -> 0.2417
AG59: =AD24 -> Industrial | AH59: =AI24 -> 0.11531818 | AI59: =AP24 -> 0.1157
AG60: =AD25 -> Healthcare and Medical | AH60: =AI25 -> 0.1804 | AI60: =AP25 -> 0.179
AG61: =AD26 -> Energy and Power | AH61: =AI26 -> 0.088718182 | AI61: =AP26 -> 0.0891
AG62: =AD27 -> Others | AH62: =AI27 -> 0.080236364 | AI62: =AP27 -> 0.081
AH86: 2023 | AI86: 2030
AG87: =AD30 -> North America | AH87: =AI30 -> 0.308 | AI87: =AP30 -> 0.3045
AG88: =AD31 -> Europe | AH88: =AI31 -> 0.23472727 | AI88: =AP31 -> 0.2325
AG89: =AD32 -> Asia-Pacific | AH89: =AI32 -> 0.20872727 | AI89: =AP32 -> 0.21
AG90: =AD33 -> Latin America | AH90: =AI33 -> 0.13090909 | AI90: =AP33 -> 0.1325
AG91: =AD34 -> Middle East & Africa | AH91: =AI34 -> 0.11763636 | AI91: =AP34 -> 0.1205

Sheet North America
B4: North America Flexible Electronics and Circuit Market | D4: Market Value (US$ Million) | Q4: North America Flexible Electronics and Circuit Market | S4: Market Y-o-Y Growth (%) | AD4: North America Flexible Electronics and Circuit Market | AF4: Market Share (%)
C5: 2019 | D5: 2020 | E5: 2021 | F5: 2022 | G5: 2023 | H5: 2024 | I5: 2025 | J5: 2026 | K5: 2027 | L5: 2028 | M5: 2029 | N5: 2030 | O5: CAGR (2023-2030) % | R5: 2020 | S5: 2021 | T5: 2022 | U5: 2023 | V5: 2024 | W5: 2025 | X5: 2026 | Y5: 2027 | Z5: 2028 | AA5: 2029 | AB5: 2030 | AE5: 2019 | AF5: 2020 | AG5: 2021 | AH5: 2022 | AI5: 2023 | AJ5: 2024 | AK5: 2025 | AL5: 2026 | AM5: 2027 | AN5: 2028 | AO5: 2029 | AP5: 2030
B7: By Type | C7: =Global!C30 -> 8525 | D7: =Global!D30 -> 8696.95 | E7: =Global!E30 -> 8930.1 | F7: =Global!F30 -> 9224.15 | G7: =Global!G30 -> 9640.4 | H7: =Global!H30 -> 10147.5 | I7: =Global!I30 -> 10745 | J7: =Global!J30 -> 11524.4 | ... N7: =Global!N30 -> 17009.066 | O7: =((N7/H7)^(1/7)-1)*100% -> 0.076579023 | Q7: By Type | R7: =(D7/C7-1)*100 -> 2.0170088 | S7: =(E7/D7-1)*100 -> 2.6808249 | T7: =(F7/E7-1)*100 -> 3.2927963 | U7: =(G7/F7-1)*100 -> 4.5126109 | V7: =(H7/G7-1)*100 -> 5.2601552 | W7: =(I7/H7-1)*100 -> 5.8881498 | X7: =(J7/I7-1)*100 -> 7.2536063 | Y7: =(K7/J7-1)*100 -> 8.5991462 | ... AB7: =(N7/M7-1)*100 -> 11.803183 | AD7: By Type | AE7: 1 | AF7: 1 | AG7: 1 | AH7: 1 | AI7: 1 | AJ7: 1 | AK7: 1 | AL7: 1 | AM7: 1 | AN7: 1 | AO7: 1 | AP7: 1
B8: Flexible Electronics | C8: =C7*AE8 -> 4518.25 | D8: =D7*AF8 -> 4607.4069 | E8: =E7*AG8 -> 4728.8939 | F8: =F7*AH8 -> 4882.5103 | G8: =G7*AI8 -> 5100.648 | H8: =H7*AJ8 -> 5366.6438 | I8: =I7*AK8 -> 5680.1977 | J8: =J7*AL8 -> 6089.5977 | ... N8: =N7*AP8 -> 8972.2821 | O8: =((N8/H8)^(1/7)-1)*100% -> 0.07618203 | Q8: Flexible Electronics | R8: =(D8/C8-1)*100 -> 1.9732622 | S8: =(E8/D8-1)*100 -> 2.6367748 | T8: =(F8/E8-1)*100 -> 3.2484646 | U8: =(G8/F8-1)*100 -> 4.4677365 | V8: =(H8/G8-1)*100 -> 5.2149403 | W8: =(I8/H8-1)*100 -> 5.8426456 | X8: =(J8/I8-1)*100 -> 7.2074956 | Y8: =(K8/J8-1)*100 -> 8.5524368 | ... AB8: =(N8/M8-1)*100 -> 11.755034 | AC8: 0.01 | AD8: Flexible Electronics | AE8: 0.53 | AF8: 0.52977273 | AG8: 0.52954545 | AH8: 0.52931818 | AI8: 0.52909091 | AJ8: 0.52886364 | AK8: 0.52863636 | AL8: 0.52840909 | AM8: 0.52818182 | AN8: 0.52795455 | AO8: 0.52772727 | AP8: 0.5275
B9: Flexible Displays | C9: =C7*AE9 -> 1662.375 | D9: =D7*AF9 -> 1690.8452 | E9: =E7*AG9 -> 1730.9781 | F9: =F7*AH9 -> 1782.6089 | G9: =G7*AI9 -> 1857.4422 | H9: =H7*AJ9 -> 1949.2425 | I9: =I7*AK9 -> 2057.7652 | J9: =J7*AL9 -> 2200.3223 | ... N9: =N7*AP9 -> 3207.9098 | O9: =((N9/H9)^(1/7)-1)*100% -> 0.07376202 | Q9: Flexible Displays | R9: =(D9/C9-1)*100 -> 1.7126224 | S9: =(E9/D9-1)*100 -> 2.373541 | T9: =(F9/E9-1)*100 -> 2.9827532 | U9: =(G9/F9-1)*100 -> 4.197962 | V9: =(H9/G9-1)*100 -> 4.9422987 | W9: =(I9/H9-1)*100 -> 5.5674285 | X9: =(J9/I9-1)*100 -> 6.9277623 | Y9: =(K9/J9-1)*100 -> 8.2682089 | ... AB9: =(N9/M9-1)*100 -> 11.459339 | AC9: 0.01 | AD9: Flexible Displays | AE9: 0.195 | AF9: 0.19441818 | AG9: 0.19383636 | AH9: 0.19325455 | AI9: 0.19267273 | AJ9: 0.19209091 | AK9: 0.19150909 | AL9: 0.19092727 | AM9: 0.19034545 | AN9: 0.18976364 | AO9: 0.18918182 | AP9: 0.1886
B10: Flexible Batteries | C10: =C7*AE10 -> 929.225 | D10: =D7*AF10 -> 949.54881 | E10: =E7*AG10 -> 976.62821 | F10: =F7*AH10 -> 1010.4637 | G10: =G7*AI10 -> 1057.8148 | H10: =H7*AJ10 -> 1115.3025 | I10: =I7*AK10 -> 1182.9268 | J10: =J7*AL10 -> 1270.827 | ... N10: =N7*AP10 -> 1888.0063 | O10: =((N10/H10)^(1/7)-1)*100% -> 0.07809909 | Q10: Flexible Batteries | R10: =(D10/C10-1)*100 -> 2.187179 | S10: =(E10/D10-1)*100 -> 2.8518171 | T10: =(F10/E10-1)*100 -> 3.4645216 | U10: =(G10/F10-1)*100 -> 4.6860758 | V10: =(H10/G10-1)*100 -> 5.4345713 | W10: =(I10/H10-1)*100 -> 6.0633163 | X10: =(J10/I10-1)*100 -> 7.4307386 | Y10: =(K10/J10-1)*100 -> 8.7782049 | ... AB10: =(N10/M10-1)*100 -> 11.986618 | AC10: 0.03 | AD10: Flexible Batteries | AE10: 0.109 | AF10: 0.10918182 | AG10: 0.10936364 | AH10: 0.10954545 | AI10: 0.10972727 | AJ10: 0.10990909 | AK10: 0.11009091 | AL10: 0.11027273 | AM10: 0.11045455 | AN10: 0.11063636 | AO10: 0.11081818 | AP10: 0.111
B11: Flexible Sensors | C11: =C7*AE11 -> 1150.875 | D11: =D7*AF11 -> 1175.2742 | E11: =E7*AG11 -> 1207.999 | F11: =F7*AH11 -> 1249.0338 | G11: =G7*AI11 -> 1306.7124 | H11: =H7*AJ11 -> 1376.8313 | I11: =I7*AK11 -> 1459.3664 | J11: =J7*AL11 -> 1566.7946 | ... N11: =N7*AP11 -> 2321.7374 | O11: =((N11/H11)^(1/7)-1)*100% -> 0.077504054 | Q11: Flexible Sensors | R11: =(D11/C11-1)*100 -> 2.1200563 | S11: =(E11/D11-1)*100 -> 2.7844382 | T11: =(F11/E11-1)*100 -> 3.3969221 | U11: =(G11/F11-1)*100 -> 4.6178603 | V11: =(H11/G11-1)*100 -> 5.3660507 | W11: =(I11/H11-1)*100 -> 5.99457 | X11: =(J11/I11-1)*100 -> 7.3612907 | Y11: =(K11/J11-1)*100 -> 8.7080721 | ... AB11: =(N11/M11-1)*100 -> 11.914987 | AC11: 0.02 | AD11: Flexible Sensors | AE11: 0.135 | AF11: 0.13513636 | AG11: 0.13527273 | AH11: 0.13540909 | AI11: 0.13554545 | AJ11: 0.13568182 | AK11: 0.13581818 | AL11: 0.13595455 | AM11: 0.13609091 | AN11: 0.13622727 | AO11: 0.13636364 | AP11: 0.1365
B12: Flexible Memory | C12: =C7*AE12 -> 775.775 | D12: =D7*AF12 -> 791.7387 | E12: =E7*AG12 -> 813.28856 | F12: =F7*AH12 -> 840.40392 | G12: =G7*AI12 -> 878.67864 | H12: =H7*AJ12 -> 925.2675 | I12: =I7*AK12 -> 980.13936 | J12: =J7*AL12 -> 1051.6539 | ... N12: =N7*AP12 -> 1554.6286 | O12: =((N12/H12)^(1/7)-1)*100% -> 0.076946655 | Q12: Flexible Memory | R12: =(D12/C12-1)*100 -> 2.0577748 | S12: =(E12/D12-1)*100 -> 2.7218398 | T12: =(F12/E12-1)*100 -> 3.3340392 | U12: =(G12/F12-1)*100 -> 4.5543242 | V12: =(H12/G12-1)*100 -> 5.3021501 | W12: =(I12/H12-1)*100 -> 5.9303784 | X12: =(J12/I12-1)*100 -> 7.2963624 | Y12: =(K12/J12-1)*100 -> 8.6424214 | ... AB12: =(N12/M12-1)*100 -> 11.847682 | AC12: 0.04 | AD12: Flexible Memory | AE12: 0.091 | AF12: 0.091036364 | AG12: 0.091072727 | AH12: 0.091109091 | AI12: 0.091145455 | AJ12: 0.091181818 | AK12: 0.091218182 | AL12: 0.091254545 | AM12: 0.091290909 | AN12: 0.091327273 | AO12: 0.091363636 | AP12: 0.0914
B13: Flexible Circuit | C13: =C7*AE13 -> 4006.75 | D13: =D7*AF13 -> 4089.5431 | E13: =E7*AG13 -> 4201.2061 | F13: =F7*AH13 -> 4341.6397 | G13: =G7*AI13 -> 4539.752 | H13: =H7*AJ13 -> 4780.8562 | I13: =I7*AK13 -> 5064.8023 | J13: =J7*AL13 -> 5434.8023 | ... N13: =N7*AP13 -> 8036.7834 | O13: =((N13/H13)^(1/7)-1)*100% -> 0.077023615 | Q13: Flexible Circuit | R13: =(D13/C13-1)*100 -> 2.06634 | S13: =(E13/D13-1)*100 -> 2.7304531 | T13: =(F13/E13-1)*100 -> 3.3426962 | U13: =(G13/F13-1)*100 -> 4.5630757 | V13: =(H13/G13-1)*100 -> 5.3109564 | W13: =(I13/H13-1)*100 -> 5.9392295 | X13: =(J13/I13-1)*100 -> 7.3053197 | Y13: =(K13/J13-1)*100 -> 8.6514831 | ... AB13: =(N13/M13-1)*100 -> 11.856987 | AC13: 0.02 | AD13: Flexible Circuit | AE13: 0.47 | AF13: 0.47022727 | AG13: 0.47045455 | AH13: 0.47068182 | AI13: 0.47090909 | AJ13: 0.47113636 | AK13: 0.47136364 | AL13: 0.47159091 | AM13: 0.47181818 | AN13: 0.47204545 | AO13: 0.47227273 | AP13: 0.4725
B14: Single Sided Flex Circuit | C14: =C7*AE14 -> 959.0625 | D14: =D7*AF14 -> 979.11844 | E14: =E7*AG14 -> 1006.0975 | F14: =F7*AH14 -> 1039.981 | G14: =G7*AI14 -> 1087.7 | H14: =H7*AJ14 -> 1145.745 | I14: =I7*AK14 -> 1214.0873 | J14: =J7*AL14 -> 1303.0953 | ... N14: =N7*AP14 -> 1928.828 | O14: =((N14/H14)^(1/7)-1)*100% -> 0.077246463 | Q14: Single Sided Flex Circuit | R14: =(D14/C14-1)*100 -> 2.091203 | S14: =(E14/D14-1)*100 -> 2.7554476 | T14: =(F14/E14-1)*100 -> 3.3678092 | U14: =(G14/F14-1)*100 -> 4.5884546 | V14: =(H14/G14-1)*100 -> 5.336486 | W14: =(I14/H14-1)*100 -> 5.9648803 | X14: =(J14/I14-1)*100 -> 7.3312701 | Y14: =(K14/J14-1)*100 -> 8.6777273 | ... AB14: =(N14/M14-1)*100 -> 11.883908 | AC14: 0.02 | AD14: Single Sided Flex Circuit | AE14: 0.1125 | AF14: 0.11258182 | AG14: 0.11266364 | AH14: 0.11274545 | AI14: 0.11282727 | AJ14: 0.11290909 | AK14: 0.11299091 | AL14: 0.11307273 | AM14: 0.11315455 | AN14: 0.11323636 | AO14: 0.11331818 | AP14: 0.1134
B15: Double Sided Flex Circuit | C15: =C7*AE15 -> 852.5 | D15: =D7*AF15 -> 870.24844 | E15: =E7*AG15 -> 894.14656 | F15: =F7*AH15 -> 924.17597 | G15: =G7*AI15 -> 966.49392 | H15: =H7*AJ15 -> 1017.9788 | I15: =I7*AK15 -> 1078.6026 | J15: =J7*AL15 -> 1157.5736 | ... N15: =N7*AP15 -> 1712.8129 | O15: =((N15/H15)^(1/7)-1)*100% -> 0.077163433 | Q15: Double Sided Flex Circuit | R15: =(D15/C15-1)*100 -> 2.0819287 | S15: =(E15/D15-1)*100 -> 2.7461257 | T15: =(F15/E15-1)*100 -> 3.3584445 | U15: =(G15/F15-1)*100 -> 4.5789922 | V15: =(H15/G15-1)*100 -> 5.3269688 | W15: =(I15/H15-1)*100 -> 5.9553194 | X15: =(J15/I15-1)*100 -> 7.321599 | Y15: =(K15/J15-1)*100 -> 8.6679482 | ... AB15: =(N15/M15-1)*100 -> 11.873881 | AC15: 0.03 | AD15: Double Sided Flex Circuit | AE15: 0.1 | AF15: 0.10006364 | AG15: 0.10012727 | AH15: 0.10019091 | AI15: 0.10025455 | AJ15: 0.10031818 | AK15: 0.10038182 | AL15: 0.10044545 | AM15: 0.10050909 | AN15: 0.10057273 | AO15: 0.10063636 | AP15: 0.1007
B16: Multilayer Flex Circuit | C16: =C7*AE16 -> 1121.0375 | D16: =D7*AF16 -> 1142.463 | E16: =E7*AG16 -> 1171.8727 | F16: =F7*AH16 -> 1209.2022 | G16: =G7*AI16 -> 1262.4542 | H16: =H7*AJ16 -> 1327.4775 | I16: =I7*AK16 -> 1404.1761 | J16: =J7*AL16 -> 1504.458 | ... N16: =N7*AP16 -> 2211.1785 | O16: =((N16/H16)^(1/7)-1)*100% -> 0.075614535 | Q16: Multilayer Flex Circuit | R16: =(D16/C16-1)*100 -> 1.9112186 | S16: =(E16/D16-1)*100 -> 2.5742358 | T16: =(F16/E16-1)*100 -> 3.1854605 | U16: =(G16/F16-1)*100 -> 4.4038946 | V16: =(H16/G16-1)*100 -> 5.1505472 | W16: =(I16/H16-1)*100 -> 5.777773 | X16: =(J16/I16-1)*100 -> 7.1416895 | Y16: =(K16/J16-1)*100 -> 8.4857069 | ... AB16: =(N16/M16-1)*100 -> 11.68603 | AC16: 0.01 | AD16: Multilayer Flex Circuit | AE16: 0.1315 | AF16: 0.13136364 | AG16: 0.13122727 | AH16: 0.13109091 | AI16: 0.13095455 | AJ16: 0.13081818 | AK16: 0.13068182 | AL16: 0.13054545 | AM16: 0.13040909 | AN16: 0.13027273 | AO16: 0.13013636 | AP16: 0.13
B17: Rigid Flex Circuit | C17: =C7*AE17 -> 639.375 | D17: =D7*AF17 -> 653.53626 | E17: =E7*AG17 -> 672.35535 | F17: =F7*AH17 -> 695.83633 | G17: =G7*AI17 -> 728.63896 | H17: =H7*AJ17 -> 768.4425 | I17: =I7*AK17 -> 815.25245 | J17: =J7*AL17 -> 876.06393 | ... N17: =N7*AP17 -> 1302.8944 | O17: =((N17/H17)^(1/7)-1)*100% -> 0.078342781 | Q17: Rigid Flex Circuit | R17: =(D17/C17-1)*100 -> 2.21486 | S17: =(E17/D17-1)*100 -> 2.879578 | T17: =(F17/E17-1)*100 -> 3.4923477 | U17: =(G17/F17-1)*100 -> 4.7141296 | V17: =(H17/G17-1)*100 -> 5.4627246 | W17: =(I17/H17-1)*100 -> 6.0915364 | X17: =(J17/I17-1)*100 -> 7.4592207 | Y17: =(K17/J17-1)*100 -> 8.8069417 | ... AB17: =(N17/M17-1)*100 -> 12.015889 | AC17: 0.04 | AD17: Rigid Flex Circuit | AE17: 0.075 | AF17: 0.075145455 | AG17: 0.075290909 | AH17: 0.075436364 | AI17: 0.075581818 | AJ17: 0.075727273 | AK17: 0.075872727 | AL17: 0.076018182 | AM17: 0.076163636 | AN17: 0.076309091 | AO17: 0.076454545 | AP17: 0.0766
B18: Others | C18: =C7*AE18 -> 434.775 | D18: =D7*AF18 -> 444.17696 | E18: =E7*AG18 -> 456.73402 | F18: =F7*AH18 -> 472.44419 | G18: =G7*AI18 -> 494.46488 | H18: =H7*AJ18 -> 521.2125 | I18: =I7*AK18 -> 552.68373 | J18: =J7*AL18 -> 593.61137 | ... N18: =N7*AP18 -> 881.06959 | O18: =((N18/H18)^(1/7)-1)*100% -> 0.077880885 | Q18: Others | R18: =(D18/C18-1)*100 -> 2.1624876 | S18: =(E18/D18-1)*100 -> 2.8270418 | T18: =(F18/E18-1)*100 -> 3.4396755 | U18: =(G18/F18-1)*100 -> 4.6610136 | V18: =(H18/G18-1)*100 -> 5.4094074 | W18: =(I18/H18-1)*100 -> 6.0380799 | X18: =(J18/I18-1)*100 -> 7.4052551 | Y18: =(K18/J18-1)*100 -> 8.7524806 | ... AB18: =(N18/M18-1)*100 -> 11.960376 | AC18: 0.05 | AD18: Others | AE18: 0.051 | AF18: 0.051072727 | AG18: 0.051145455 | AH18: 0.051218182 | AI18: 0.051290909 | AJ18: 0.051363636 | AK18: 0.051436364 | AL18: 0.051509091 | AM18: 0.051581818 | AN18: 0.051654545 | AO18: 0.051727273 | AP18: 0.0518
B20: By Vertical | C20: =C7 -> 8525 | D20: =D7 -> 8696.95 | E20: =E7 -> 8930.1 | F20: =F7 -> 9224.15 | G20: =G7 -> 9640.4 | H20: =H7 -> 10147.5 | I20: =I7 -> 10745 | J20: =J7 -> 11524.4 | ... N20: =N7 -> 17009.066 | O20: =((N20/H20)^(1/7)-1)*100% -> 0.076579023 | Q20: By Vertical | R20: =(D20/C20-1)*100 -> 2.0170088 | S20: =(E20/D20-1)*100 -> 2.6808249 | T20: =(F20/E20-1)*100 -> 3.2927963 | U20: =(G20/F20-1)*100 -> 4.5126109 | V20: =(H20/G20-1)*100 -> 5.2601552 | W20: =(I20/H20-1)*100 -> 5.8881498 | X20: =(J20/I20-1)*100 -> 7.2536063 | Y20: =(K20/J20-1)*100 -> 8.5991462 | ... AB20: =(N20/M20-1)*100 -> 11.803183 | AD20: By Vertical | AE20: 1 | AF20: 1 | AG20: 1 | AH20: 1 | AI20: 1 | AJ20: 1 | AK20: 1 | AL20: 1 | AM20: 1 | AN20: 1 | AO20: 1 | AP20: 1
B21: Automotive | C21: =C20*AE21 -> 1420.73 | D21: =D20*AF21 -> 1450.2128 | E21: =E20*AG21 -> 1489.9392 | F21: =F20*AH21 -> 1539.8766 | G21: =G20*AI21 -> 1610.2814 | H21: =H20*AJ21 -> 1695.9492 | I21: =I20*AK21 -> 1796.8304 | J21: =J20*AL21 -> 1928.2607 | ... N21: =N20*AP21 -> 2852.4203 | O21: =((N21/H21)^(1/7)-1)*100% -> 0.077103014 | Q21: Automotive | R21: =(D21/C21-1)*100 -> 2.075188 | S21: =(E21/D21-1)*100 -> 2.7393493 | T21: =(F21/E21-1)*100 -> 3.3516359 | U21: =(G21/F21-1)*100 -> 4.5721116 | V21: =(H21/G21-1)*100 -> 5.3200473 | W21: =(I21/H21-1)*100 -> 5.948365 | X21: =(J21/I21-1)*100 -> 7.3145633 | Y21: =(K21/J21-1)*100 -> 8.6608328 | ... AB21: =(N21/M21-1)*100 -> 11.866582 | AC21: 0.03 | AD21: Automotive | AE21: 0.16665455 | AF21: 0.16674959 | AG21: 0.16684463 | AH21: 0.16693967 | AI21: 0.16703471 | AJ21: 0.16712975 | AK21: 0.16722479 | AL21: 0.16731983 | AM21: 0.16741488 | AN21: 0.16750992 | AO21: 0.16760496 | AP21: 0.1677
B22: Military, Defense and Aerospace | C22: =C20*AE22 -> 1073.84 | D22: =D20*AF22 -> 1096.2398 | E22: =E20*AG22 -> 1126.3882 | F22: =F20*AH22 -> 1164.2631 | G22: =G20*AI22 -> 1217.6224 | H22: =H20*AJ22 -> 1282.535 | I22: =I20*AK22 -> 1358.9672 | J22: =J20*AL22 -> 1458.5223 | ... N22: =N20*AP22 -> 2158.4504 | O22: =((N22/H22)^(1/7)-1)*100% -> 0.077199449 | Q22: Military, Defense and Aerospace | R22: =(D22/C22-1)*100 -> 2.0859501 | S22: =(E22/D22-1)*100 -> 2.7501679 | T22: =(F22/E22-1)*100 -> 3.3625055 | U22: =(G22/F22-1)*100 -> 4.5830958 | V22: =(H22/G22-1)*100 -> 5.3310963 | W22: =(I22/H22-1)*100 -> 5.9594661 | X22: =(J22/I22-1)*100 -> 7.3257937 | Y22: =(K22/J22-1)*100 -> 8.67219 | ... AB22: =(N22/M22-1)*100 -> 11.878231 | AC22: 0.04 | AD22: Military, Defense and Aerospace | AE22: 0.12596364 | AF22: 0.12604876 | AG22: 0.12613388 | AH22: 0.12621901 | AI22: 0.12630413 | AJ22: 0.12638926 | AK22: 0.12647438 | AL22: 0.1265595 | AM22: 0.12664463 | AN22: 0.12672975 | AO22: 0.12681488 | AP22: 0.1269
B23: Consumer Electronics | C23: =C20*AE23 -> 2088.625 | D23: =D20*AF23 -> 2128.2227 | E23: =E20*AG23 -> 2182.6788 | F23: =F20*AH23 -> 2251.8666 | G23: =G20*AI23 -> 2350.6801 | H23: =H20*AJ23 -> 2471.3775 | I23: =I20*AK23 -> 2613.7701 | J23: =J20*AL23 -> 2800.0101 | ... N23: =N20*AP23 -> 4112.792 | O23: =((N23/H23)^(1/7)-1)*100% -> 0.075473382 | Q23: Consumer Electronics | R23: =(D23/C23-1)*100 -> 1.8958754 | S23: =(E23/D23-1)*100 -> 2.5587584 | T23: =(F23/E23-1)*100 -> 3.1698561 | U23: =(G23/F23-1)*100 -> 4.3880707 | V23: =(H23/G23-1)*100 -> 5.1345745 | W23: =(I23/H23-1)*100 -> 5.761669 | X23: =(J23/I23-1)*100 -> 7.1253413 | Y23: =(K23/J23-1)*100 -> 8.4691165 | ... AB23: =(N23/M23-1)*100 -> 11.668835 | AC23: 0.01 | AD23: Consumer Electronics | AE23: 0.245 | AF23: 0.24470909 | AG23: 0.24441818 | AH23: 0.24412727 | AI23: 0.24383636 | AJ23: 0.24354545 | AK23: 0.24325455 | AL23: 0.24296364 | AM23: 0.24267273 | AN23: 0.24238182 | AO23: 0.24209091 | AP23: 0.2418
B24: Industrial | C24: =C20*AE24 -> 984.715 | D24: =D20*AF24 -> 1004.9649 | E24: =E20*AG24 -> 1032.3048 | F24: =F20*AH24 -> 1066.7081 | G24: =G20*AI24 -> 1115.2748 | H24: =H20*AJ24 -> 1174.3928 | I24: =I20*AK24 -> 1244.0224 | J24: =J20*AL24 -> 1334.7732 | ... N24: =N20*AP24 -> 1973.0516 | O24: =((N24/H24)^(1/7)-1)*100% -> 0.076934509 | Q24: Industrial | R24: =(D24/C24-1)*100 -> 2.0564241 | S24: =(E24/D24-1)*100 -> 2.7204813 | T24: =(F24/E24-1)*100 -> 3.3326737 | U24: =(G24/F24-1)*100 -> 4.5529437 | V24: =(H24/G24-1)*100 -> 5.3007607 | W24: =(I24/H24-1)*100 -> 5.9289819 | X24: =(J24/I24-1)*100 -> 7.294949 | Y24: =(K24/J24-1)*100 -> 8.6409914 | ... AB24: =(N24/M24-1)*100 -> 11.846213 | AC24: 0.05 | AD24: Industrial | AE24: 0.11550909 | AF24: 0.11555372 | AG24: 0.11559835 | AH24: 0.11564298 | AI24: 0.1156876 | AJ24: 0.11573223 | AK24: 0.11577686 | AL24: 0.11582149 | AM24: 0.11586612 | AN24: 0.11591074 | AO24: 0.11595537 | AP24: 0.116
B25: Healthcare and Medical | C25: =C20*AE25 -> 1547.21 | D25: =D20*AF25 -> 1577.2386 | E25: =E20*AG25 -> 1618.3112 | F25: =F20*AH25 -> 1670.3487 | G25: =G20*AI25 -> 1744.4184 | H25: =H20*AJ25 -> 1834.8022 | I25: =I20*AK25 -> 1941.3817 | J25: =J20*AL25 -> 2080.6399 | ... N25: =N20*AP25 -> 3061.6318 | O25: =((N25/H25)^(1/7)-1)*100% -> 0.075885971 | Q25: Healthcare and Medical | R25: =(D25/C25-1)*100 -> 1.9408226 | S25: =(E25/D25-1)*100 -> 2.6040857 | T25: =(F25/E25-1)*100 -> 3.215542 | U25: =(G25/F25-1)*100 -> 4.4343858 | V25: =(H25/G25-1)*100 -> 5.1813115 | W25: =(I25/H25-1)*100 -> 5.8087763 | X25: =(J25/I25-1)*100 -> 7.173149 | Y25: =(K25/J25-1)*100 -> 8.5176183 | ... AB25: =(N25/M25-1)*100 -> 11.719061 | AC25: 0.02 | AD25: Healthcare and Medical | AE25: 0.18149091 | AF25: 0.18135537 | AG25: 0.18121983 | AH25: 0.1810843 | AI25: 0.18094876 | AJ25: 0.18081322 | AK25: 0.18067769 | AL25: 0.18054215 | AM25: 0.18040661 | AN25: 0.18027107 | AO25: 0.18013554 | AP25: 0.18
B26: Energy and Power | C26: =C20*AE26 -> 842.0375 | D26: =D20*AF26 -> 859.67554 | E26: =E20*AG26 -> 883.39354 | F26: =F20*AH26 -> 913.1756 | G26: =G20*AI26 -> 955.10869 | H26: =H20*AJ26 -> 1006.112 | I26: =I20*AK26 -> 1066.1615 | J26: =J20*AL26 -> 1144.3634 | ... N26: =N20*AP26 -> 1694.1029 | O26: =((N26/H26)^(1/7)-1)*100% -> 0.077277613 | Q26: Energy and Power | R26: =(D26/C26-1)*100 -> 2.0946856 | S26: =(E26/D26-1)*100 -> 2.7589477 | T26: =(F26/E26-1)*100 -> 3.3713249 | U26: =(G26/F26-1)*100 -> 4.5920066 | V26: =(H26/G26-1)*100 -> 5.340058 | W26: =(I26/H26-1)*100 -> 5.9684684 | X26: =(J26/I26-1)*100 -> 7.334899 | Y26: =(K26/J26-1)*100 -> 8.6813963 | ... AB26: =(N26/M26-1)*100 -> 11.887668 | AC26: 0.06 | AD26: Energy and Power | AE26: 0.098772727 | AF26: 0.098847934 | AG26: 0.09892314 | AH26: 0.098998347 | AI26: 0.099073554 | AJ26: 0.09914876 | AK26: 0.099223967 | AL26: 0.099299174 | AM26: 0.09937438 | AN26: 0.099449587 | AO26: 0.099524793 | AP26: 0.0996
B27: Others | C27: =C20*AE27 -> 567.8425 | D27: =D20*AF27 -> 580.39563 | E27: =E20*AG27 -> 597.0842 | F27: =F20*AH27 -> 617.91132 | G27: =G20*AI27 -> 647.01425 | H27: =H20*AJ27 -> 682.33132 | I27: =I20*AK27 -> 723.86667 | J27: =J20*AL27 -> 777.83033 | ... N27: =N20*AP27 -> 1156.6165 | O27: =((N27/H27)^(1/7)-1)*100% -> 0.078305968 | Q27: Others | R27: =(D27/C27-1)*100 -> 2.2106711 | S27: =(E27/D27-1)*100 -> 2.875378 | T27: =(F27/E27-1)*100 -> 3.4881388 | U27: =(G27/F27-1)*100 -> 4.7098872 | V27: =(H27/G27-1)*100 -> 5.4584682 | W27: =(I27/H27-1)*100 -> 6.0872708 | X27: =(J27/I27-1)*100 -> 7.4549165 | Y27: =(K27/J27-1)*100 -> 8.8026 | ... AB27: =(N27/M27-1)*100 -> 12.011469 | AC27: 0.07 | AD27: Others | AE27: 0.066609091 | AF27: 0.066735537 | AG27: 0.066861983 | AH27: 0.06698843 | AI27: 0.067114876 | AJ27: 0.067241322 | AK27: 0.067367769 | AL27: 0.067494215 | AM27: 0.067620661 | AN27: 0.067747107 | AO27: 0.067873554 | AP27: 0.068
B29: By Country | C29: =C20 -> 8525 | D29: =D20 -> 8696.95 | E29: =E20 -> 8930.1 | F29: =F20 -> 9224.15 | G29: =G20 -> 9640.4 | H29: =H20 -> 10147.5 | I29: =I20 -> 10745 | J29: =J20 -> 11524.4 | ... N29: =N20 -> 17009.066 | O29: =((N29/H29)^(1/7)-1)*100% -> 0.076579023 | Q29: By Country | R29: =(D29/C29-1)*100 -> 2.0170088 | S29: =(E29/D29-1)*100 -> 2.6808249 | T29: =(F29/E29-1)*100 -> 3.2927963 | U29: =(G29/F29-1)*100 -> 4.5126109 | V29: =(H29/G29-1)*100 -> 5.2601552 | W29: =(I29/H29-1)*100 -> 5.8881498 | X29: =(J29/I29-1)*100 -> 7.2536063 | Y29: =(K29/J29-1)*100 -> 8.5991462 | ... AB29: =(N29/M29-1)*100 -> 11.803183 | AD29: By Country | AE29: 1 | AF29: 1 | AG29: 1 | AH29: 1 | AI29: 1 | AJ29: 1 | AK29: 1 | AL29: 1 | AM29: 1 | AN29: 1 | AO29: 1 | AP29: 1
B30: The U.S. | C30: =C29*AE30 -> 3452.625 | D30: =D29*AF30 -> 3523.0554 | E30: =E29*AG30 -> 3618.3142 | F30: =F29*AH30 -> 3738.2964 | G30: =G29*AI30 -> 3907.8676 | H30: =H29*AJ30 -> 4114.35 | I30: =I29*AK30 -> 4357.5859 | J30: =J29*AL30 -> 4674.7157 | ... N30: =N29*AP30 -> 6905.6806 | O30: =((N30/H30)^(1/7)-1)*100% -> 0.076785806 | Q30: The U.S. | R30: =(D30/C30-1)*100 -> 2.0399082 | S30: =(E30/D30-1)*100 -> 2.7038682 | T30: =(F30/E30-1)*100 -> 3.3159717 | U30: =(G30/F30-1)*100 -> 4.5360548 | V30: =(H30/G30-1)*100 -> 5.2837614 | W30: =(I30/H30-1)*100 -> 5.9118915 | X30: =(J30/I30-1)*100 -> 7.2776488 | Y30: =(K30/J30-1)*100 -> 8.6234848 | ... AB30: =(N30/M30-1)*100 -> 11.828223 | AC30: 0.01 | AD30: The U.S. | AE30: 0.405 | AF30: 0.40509091 | AG30: 0.40518182 | AH30: 0.40527273 | AI30: 0.40536364 | AJ30: 0.40545455 | AK30: 0.40554545 | AL30: 0.40563636 | AM30: 0.40572727 | AN30: 0.40581818 | AO30: 0.40590909 | AP30: 0.406
B31: Canada | C31: =C29*AE31 -> 2821.775 | D31: =D29*AF31 -> 2874.7373 | E31: =E29*AG31 -> 2947.7448 | F31: =F29*AH31 -> 3040.6153 | G31: =G29*AI31 -> 3173.4444 | H31: =H29*AJ31 -> 3335.76 | I31: =I29*AK31 -> 3527.2905 | J31: =J29*AL31 -> 3777.9079 | ... N31: =N29*AP31 -> 5544.9554 | O31: =((N31/H31)^(1/7)-1)*100% -> 0.075298492 | Q31: Canada | R31: =(D31/C31-1)*100 -> 1.876914 | S31: =(E31/D31-1)*100 -> 2.5396246 | T31: =(F31/E31-1)*100 -> 3.1505589 | U31: =(G31/F31-1)*100 -> 4.3684953 | V31: =(H31/G31-1)*100 -> 5.1148084 | W31: =(I31/H31-1)*100 -> 5.7417337 | X31: =(J31/I31-1)*100 -> 7.1050968 | Y31: =(K31/J31-1)*100 -> 8.448565 | ... AB31: =(N31/M31-1)*100 -> 11.647512 | AC31: 0.02 | AD31: Canada | AE31: 0.331 | AF31: 0.33054545 | AG31: 0.33009091 | AH31: 0.32963636 | AI31: 0.32918182 | AJ31: 0.32872727 | AK31: 0.32827273 | AL31: 0.32781818 | AM31: 0.32736364 | AN31: 0.32690909 | AO31: 0.32645455 | AP31: 0.326
B32: Mexico | C32: =C29*AE32 -> 2250.6 | D32: =D29*AF32 -> 2299.1573 | E32: =E29*AG32 -> 2364.041 | F32: =F29*AH32 -> 2445.2383 | G32: =G29*AI32 -> 2559.088 | H32: =H29*AJ32 -> 2697.39 | I32: =I29*AK32 -> 2860.1236 | J32: =J29*AL32 -> 3071.7764 | ... N32: =N29*AP32 -> 4558.4296 | O32: =((N32/H32)^(1/7)-1)*100% -> 0.077836961 | Q32: Mexico | R32: =(D32/C32-1)*100 -> 2.1575281 | S32: =(E32/D32-1)*100 -> 2.822064 | T32: =(F32/E32-1)*100 -> 3.434682 | U32: =(G32/F32-1)*100 -> 4.6559753 | V32: =(H32/G32-1)*100 -> 5.4043472 | W32: =(I32/H32-1)*100 -> 6.0330036 | X32: =(J32/I32-1)*100 -> 7.4001276 | Y32: =(K32/J32-1)*100 -> 8.7473032 | ... AB32: =(N32/M32-1)*100 -> 11.95509 | AC32: 0.03 | AD32: Mexico | AE32: 0.264 | AF32: 0.26436364 | AG32: 0.26472727 | AH32: 0.26509091 | AI32: 0.26545455 | AJ32: 0.26581818 | AK32: 0.26618182 | AL32: 0.26654545 | AM32: 0.26690909 | AN32: 0.26727273 | AO32: 0.26763636 | AP32: 0.268
AM37: 2023 | AN37: 2030
AL38: =AD8 -> Flexible Electronics | AM38: =AI8 -> 0.52909091 | AN38: =AP8 -> 0.5275
AL39: =AD13 -> Flexible Circuit | AM39: =AI13 -> 0.47090909 | AN39: =AP13 -> 0.4725
AM53: 2023 | AN53: 2030
AL54: =AD21 -> Automotive | AM54: =AI21 -> 0.16703471 | AN54: =AP21 -> 0.1677
AL55: =AD22 -> Military, Defense and Aerospace | AM55: =AI22 -> 0.12630413 | AN55: =AP22 -> 0.1269
AL56: =AD23 -> Consumer Electronics | AM56: =AI23 -> 0.24383636 | AN56: =AP23 -> 0.2418
AL57: =AD24 -> Industrial | AM57: =AI24 -> 0.1156876 | AN57: =AP24 -> 0.116
AL58: =AD25 -> Healthcare and Medical | AM58: =AI25 -> 0.18094876 | AN58: =AP25 -> 0.18
AL59: =AD26 -> Energy and Power | AM59: =AI26 -> 0.099073554 | AN59: =AP26 -> 0.0996
AL60: =AD27 -> Others | AM60: =AI27 -> 0.067114876 | AN60: =AP27 -> 0.068
AM69: 2023 | AN69: 2030
AL70: =AD30 -> The U.S. | AM70: =AI30 -> 0.40536364 | AN70: =AP30 -> 0.406
AL71: =AD31 -> Canada | AM71: =AI31 -> 0.32918182 | AN71: =AP31 -> 0.326
AL72: =AD32 -> Mexico | AM72: =AI32 -> 0.26545455 | AN72: =AP32 -> 0.268

Sheet Europe
B4: Europe Flexible Electronics and Circuit Market | D4: Market Value (US$ Million) | Q4: Europe Flexible Electronics and Circuit Market | S4: Market Y-o-Y Growth (%) | AD4: Europe Flexible Electronics and Circuit Market | AF4: Market Share (%)
C5: 2019 | D5: 2020 | E5: 2021 | F5: 2022 | G5: 2023 | H5: 2024 | I5: 2025 | J5: 2026 | K5: 2027 | L5: 2028 | M5: 2029 | N5: 2030 | O5: CAGR (2023-2030) % | R5: 2020 | S5: 2021 | T5: 2022 | U5: 2023 | V5: 2024 | W5: 2025 | X5: 2026 | Y5: 2027 | Z5: 2028 | AA5: 2029 | AB5: 2030 | AE5: 2019 | AF5: 2020 | AG5: 2021 | AH5: 2022 | AI5: 2023 | AJ5: 2024 | AK5: 2025 | AL5: 2026 | AM5: 2027 | AN5: 2028 | AO5: 2029 | AP5: 2030
B7: By Type | C7: =Global!C31 -> 6490 | D7: =Global!D31 -> 6622.6591 | E7: =Global!E31 -> 6802.0091 | F7: =Global!F31 -> 7027.8591 | G7: =Global!G31 -> 7346.9636 | H7: =Global!H31 -> 7735.5 | I7: =Global!I31 -> 8193.1818 | J7: =Global!J31 -> 8789.8545 | ... N7: =Global!N31 -> 12987.218 | O7: =((N7/H7)^(1/7)-1)*100% -> 0.076829185 | Q7: By Type | R7: =(D7/C7-1)*100 -> 2.0440538 | S7: =(E7/D7-1)*100 -> 2.7081267 | T7: =(F7/E7-1)*100 -> 3.3203425 | U7: =(G7/F7-1)*100 -> 4.5405655 | V7: =(H7/G7-1)*100 -> 5.2883937 | W7: =(I7/H7-1)*100 -> 5.9166417 | X7: =(J7/I7-1)*100 -> 7.282552 | Y7: =(K7/J7-1)*100 -> 8.6285428 | ... AB7: =(N7/M7-1)*100 -> 11.833721 | AD7: By Type | AE7: 1 | AF7: 1 | AG7: 1 | AH7: 1 | AI7: 1 | AJ7: 1 | AK7: 1 | AL7: 1 | AM7: 1 | AN7: 1 | AO7: 1 | AP7: 1
B8: Flexible Electronics | C8: =C7*AE8 -> 3472.15 | D8: =D7*AF8 -> 3541.0154 | E8: =E7*AG8 -> 3634.7463 | F8: =F7*AH8 -> 3753.1962 | G8: =G7*AI8 -> 3921.2749 | H8: =H7*AJ8 -> 4126.186 | I8: =I7*AK8 -> 4367.7107 | J8: =J7*AL8 -> 4682.9948 | ... N8: =N7*AP8 -> 6902.7061 | O8: =((N8/H8)^(1/7)-1)*100% -> 0.076277766 | Q8: Flexible Electronics | R8: =(D8/C8-1)*100 -> 1.9833649 | S8: =(E8/D8-1)*100 -> 2.6470065 | T8: =(F8/E8-1)*100 -> 3.2588214 | U8: =(G8/F8-1)*100 -> 4.4782807 | V8: =(H8/G8-1)*100 -> 5.225626 | W8: =(I8/H8-1)*100 -> 5.8534618 | X8: =(J8/I8-1)*100 -> 7.2185191 | Y8: =(K8/J8-1)*100 -> 8.5636678 | ... AB8: =(N8/M8-1)*100 -> 11.766812 | AC8: 0.01 | AD8: Flexible Electronics | AE8: 0.535 | AF8: 0.53468182 | AG8: 0.53436364 | AH8: 0.53404545 | AI8: 0.53372727 | AJ8: 0.53340909 | AK8: 0.53309091 | AL8: 0.53277273 | AM8: 0.53245455 | AN8: 0.53213636 | AO8: 0.53181818 | AP8: 0.5315
B9: Flexible Displays | C9: =C7*AE9 -> 1272.04 | D9: =D7*AF9 -> 1295.934 | E9: =E7*AG9 -> 1328.8652 | F9: =F7*AH9 -> 1370.752 | G9: =G7*AI9 -> 1430.6542 | H9: =H7*AJ9 -> 1503.8515 | I9: =I7*AK9 -> 1590.2221 | J9: =J7*AL9 -> 1703.2341 | ... N9: =N7*AP9 -> 2500.0394 | O9: =((N9/H9)^(1/7)-1)*100% -> 0.075312156 | Q9: Flexible Displays | R9: =(D9/C9-1)*100 -> 1.8783979 | S9: =(E9/D9-1)*100 -> 2.5411216 | T9: =(F9/E9-1)*100 -> 3.1520683 | U9: =(G9/F9-1)*100 -> 4.3700262 | V9: =(H9/G9-1)*100 -> 5.1163539 | W9: =(I9/H9-1)*100 -> 5.743292 | X9: =(J9/I9-1)*100 -> 7.106679 | Y9: =(K9/J9-1)*100 -> 8.4501708 | ... AB9: =(N9/M9-1)*100 -> 11.649177 | AC9: 0.01 | AD9: Flexible Displays | AE9: 0.196 | AF9: 0.19568182 | AG9: 0.19536364 | AH9: 0.19504545 | AI9: 0.19472727 | AJ9: 0.19440909 | AK9: 0.19409091 | AL9: 0.19377273 | AM9: 0.19345455 | AN9: 0.19313636 | AO9: 0.19281818 | AP9: 0.1925
B10: Flexible Batteries | C10: =C7*AE10 -> 720.39 | D10: =D7*AF10 -> 734.5131 | E10: =E7*AG10 -> 753.78628 | F10: =F7*AH10 -> 778.17567 | G10: =G7*AI10 -> 812.84134 | H10: =H7*AJ10 -> 855.12436 | I10: =I7*AK10 -> 904.97417 | J10: =J7*AL10 -> 970.08031 | ... N10: =N7*AP10 -> 1428.5939 | O10: =((N10/H10)^(1/7)-1)*100% -> 0.076068532 | Q10: Flexible Batteries | R10: =(D10/C10-1)*100 -> 1.9604796 | S10: =(E10/D10-1)*100 -> 2.6239397 | T10: =(F10/E10-1)*100 -> 3.2355842 | U10: =(G10/F10-1)*100 -> 4.4547358 | V10: =(H10/G10-1)*100 -> 5.201879 | W10: =(I10/H10-1)*100 -> 5.8295392 | X10: =(J10/I10-1)*100 -> 7.1942536 | Y10: =(K10/J10-1)*100 -> 8.539063 | ... AB10: =(N10/M10-1)*100 -> 11.741373 | AC10: 0.03 | AD10: Flexible Batteries | AE10: 0.111 | AF10: 0.11090909 | AG10: 0.11081818 | AH10: 0.11072727 | AI10: 0.11063636 | AJ10: 0.11054545 | AK10: 0.11045455 | AL10: 0.11036364 | AM10: 0.11027273 | AN10: 0.11018182 | AO10: 0.11009091 | AP10: 0.11
B11: Flexible Sensors | C11: =C7*AE11 -> 892.375 | D11: =D7*AF11 -> 910.91665 | E11: =E7*AG11 -> 935.89461 | F11: =F7*AH11 -> 967.28897 | G11: =G7*AI11 -> 1011.5433 | H11: =H7*AJ11 -> 1065.3893 | I11: =I7*AK11 -> 1128.797 | J11: =J7*AL11 -> 1211.4018 | ... N11: =N7*AP11 -> 1792.236 | O11: =((N11/H11)^(1/7)-1)*100% -> 0.077133546 | Q11: Flexible Sensors | R11: =(D11/C11-1)*100 -> 2.0777874 | S11: =(E11/D11-1)*100 -> 2.7420686 | T11: =(F11/E11-1)*100 -> 3.3544754 | U11: =(G11/F11-1)*100 -> 4.5750901 | V11: =(H11/G11-1)*100 -> 5.3231538 | W11: =(I11/H11-1)*100 -> 5.9515977 | X11: =(J11/I11-1)*100 -> 7.3179471 | Y11: =(K11/J11-1)*100 -> 8.6643702 | ... AB11: =(N11/M11-1)*100 -> 11.870569 | AC11: 0.02 | AD11: Flexible Sensors | AE11: 0.1375 | AF11: 0.13754545 | AG11: 0.13759091 | AH11: 0.13763636 | AI11: 0.13768182 | AJ11: 0.13772727 | AK11: 0.13777273 | AL11: 0.13781818 | AM11: 0.13786364 | AN11: 0.13790909 | AO11: 0.13795455 | AP11: 0.138
B12: Flexible Memory | C12: =C7*AE12 -> 587.345 | D12: =D7*AF12 -> 599.65168 | E12: =E7*AG12 -> 616.20019 | F12: =F7*AH12 -> 636.97959 | G12: =G7*AI12 -> 666.23602 | H12: =H7*AJ12 -> 701.82082 | I12: =I7*AK12 -> 743.71746 | J12: =J7*AL12 -> 798.27861 | ... N12: =N7*AP12 -> 1181.8368 | O12: =((N12/H12)^(1/7)-1)*100% -> 0.077291013 | Q12: Flexible Memory | R12: =(D12/C12-1)*100 -> 2.0953065 | S12: =(E12/D12-1)*100 -> 2.759687 | T12: =(F12/E12-1)*100 -> 3.3721841 | U12: =(G12/F12-1)*100 -> 4.5929931 | V12: =(H12/G12-1)*100 -> 5.3411699 | W12: =(I12/H12-1)*100 -> 5.9697061 | X12: =(J12/I12-1)*100 -> 7.3362739 | Y12: =(K12/J12-1)*100 -> 8.6829115 | ... AB12: =(N12/M12-1)*100 -> 11.88961 | AC12: 0.04 | AD12: Flexible Memory | AE12: 0.0905 | AF12: 0.090545455 | AG12: 0.090590909 | AH12: 0.090636364 | AI12: 0.090681818 | AJ12: 0.090727273 | AK12: 0.090772727 | AL12: 0.090818182 | AM12: 0.090863636 | AN12: 0.090909091 | AO12: 0.090954545 | AP12: 0.091
B13: Flexible Circuit | C13: =C7*AE13 -> 3017.85 | D13: =D7*AF13 -> 3081.6437 | E13: =E7*AG13 -> 3167.2628 | F13: =F7*AH13 -> 3274.6629 | G13: =G7*AI13 -> 3425.6888 | H13: =H7*AJ13 -> 3609.314 | I13: =I7*AK13 -> 3825.4711 | J13: =J7*AL13 -> 4106.8598 | ... N13: =N7*AP13 -> 6084.5114 | O13: =((N13/H13)^(1/7)-1)*100% -> 0.077457502 | Q13: Flexible Circuit | R13: =(D13/C13-1)*100 -> 2.1138787 | S13: =(E13/D13-1)*100 -> 2.7783579 | T13: =(F13/E13-1)*100 -> 3.3909441 | U13: =(G13/F13-1)*100 -> 4.6119521 | V13: =(H13/G13-1)*100 -> 5.3602419 | W13: =(I13/H13-1)*100 -> 5.9888693 | X13: =(J13/I13-1)*100 -> 7.3556612 | Y13: =(K13/J13-1)*100 -> 8.7025189 | ... AB13: =(N13/M13-1)*100 -> 11.909725 | AC13: 0.02 | AD13: Flexible Circuit | AE13: 0.465 | AF13: 0.46531818 | AG13: 0.46563636 | AH13: 0.46595455 | AI13: 0.46627273 | AJ13: 0.46659091 | AK13: 0.46690909 | AL13: 0.46722727 | AM13: 0.46754545 | AN13: 0.46786364 | AO13: 0.46818182 | AP13: 0.4685
B14: Single Sided Flex Circuit | C14: =C7*AE14 -> 746.35 | D14: =D7*AF14 -> 762.20786 | E14: =E7*AG14 -> 783.46777 | F14: =F7*AH14 -> 810.12048 | G14: =G7*AI14 -> 847.57244 | H14: =H7*AJ14 -> 893.09864 | I14: =I7*AK14 -> 946.68492 | J14: =J7*AL14 -> 1016.4268 | ... N14: =N7*AP14 -> 1506.5172 | O14: =((N14/H14)^(1/7)-1)*100% -> 0.077554487 | Q14: Single Sided Flex Circuit | R14: =(D14/C14-1)*100 -> 2.124721 | S14: =(E14/D14-1)*100 -> 2.7892548 | T14: =(F14/E14-1)*100 -> 3.4018898 | U14: =(G14/F14-1)*100 -> 4.6230107 | V14: =(H14/G14-1)*100 -> 5.3713633 | W14: =(I14/H14-1)*100 -> 6.0000406 | X14: =(J14/I14-1)*100 -> 7.36696 | Y14: =(K14/J14-1)*100 -> 8.7139426 | ... AB14: =(N14/M14-1)*100 -> 11.921434 | AC14: 0.02 | AD14: Single Sided Flex Circuit | AE14: 0.115 | AF14: 0.11509091 | AG14: 0.11518182 | AH14: 0.11527273 | AI14: 0.11536364 | AJ14: 0.11545455 | AK14: 0.11554545 | AL14: 0.11563636 | AM14: 0.11572727 | AN14: 0.11581818 | AO14: 0.11590909 | AP14: 0.116
B15: Double Sided Flex Circuit | C15: =C7*AE15 -> 655.49 | D15: =D7*AF15 -> 669.1896 | E15: =E7*AG15 -> 687.62128 | F15: =F7*AH15 -> 710.77211 | G15: =G7*AI15 -> 743.37914 | H15: =H7*AJ15 -> 783.04357 | I15: =I7*AK15 -> 829.74587 | J15: =J7*AL15 -> 890.57208 | ... N15: =N7*AP15 -> 1318.2026 | O15: =((N15/H15)^(1/7)-1)*100% -> 0.077243165 | Q15: Double Sided Flex Circuit | R15: =(D15/C15-1)*100 -> 2.0899782 | S15: =(E15/D15-1)*100 -> 2.7543292 | T15: =(F15/E15-1)*100 -> 3.3667995 | U15: =(G15/F15-1)*100 -> 4.58755 | V15: =(H15/G15-1)*100 -> 5.3356931 | W15: =(I15/H15-1)*100 -> 5.9642019 | X15: =(J15/I15-1)*100 -> 7.330704 | Y15: =(K15/J15-1)*100 -> 8.677277 | ... AB15: =(N15/M15-1)*100 -> 11.883826 | AC15: 0.03 | AD15: Double Sided Flex Circuit | AE15: 0.101 | AF15: 0.10104545 | AG15: 0.10109091 | AH15: 0.10113636 | AI15: 0.10118182 | AJ15: 0.10122727 | AK15: 0.10127273 | AL15: 0.10131818 | AM15: 0.10136364 | AN15: 0.10140909 | AO15: 0.10145455 | AP15: 0.1015
B16: Multilayer Flex Circuit | C16: =C7*AE16 -> 778.8 | D16: =D7*AF16 -> 794.35785 | E16: =E7*AG16 -> 815.49905 | F16: =F7*AH16 -> 842.19308 | G16: =G7*AI16 -> 880.03266 | H16: =H7*AJ16 -> 926.15032 | I16: =I7*AK16 -> 980.50041 | J16: =J7*AL16 -> 1051.4264 | ... N16: =N7*AP16 -> 1550.6738 | O16: =((N16/H16)^(1/7)-1)*100% -> 0.076408192 | Q16: Multilayer Flex Circuit | R16: =(D16/C16-1)*100 -> 1.9976701 | S16: =(E16/D16-1)*100 -> 2.66142 | T16: =(F16/E16-1)*100 -> 3.273336 | U16: =(G16/F16-1)*100 -> 4.4929822 | V16: =(H16/G16-1)*100 -> 5.2404482 | W16: =(I16/H16-1)*100 -> 5.8683881 | X16: =(J16/I16-1)*100 -> 7.2336539 | Y16: =(K16/J16-1)*100 -> 8.5790086 | ... AB16: =(N16/M16-1)*100 -> 11.782655 | AC16: 0.01 | AD16: Multilayer Flex Circuit | AE16: 0.12 | AF16: 0.11994545 | AG16: 0.11989091 | AH16: 0.11983636 | AI16: 0.11978182 | AJ16: 0.11972727 | AK16: 0.11967273 | AL16: 0.11961818 | AM16: 0.11956364 | AN16: 0.11950909 | AO16: 0.11945455 | AP16: 0.1194
B17: Rigid Flex Circuit | C17: =C7*AE17 -> 473.77 | D17: =D7*AF17 -> 484.297 | E17: =E7*AG17 -> 498.27808 | F17: =F7*AH17 -> 515.71708 | G17: =G7*AI17 -> 540.06862 | H17: =H7*AJ17 -> 569.61409 | I17: =I7*AK17 -> 604.35888 | J17: =J7*AL17 -> 649.49034 | ... N17: =N7*AP17 -> 966.24898 | O17: =((N17/H17)^(1/7)-1)*100% -> 0.078417443 | Q17: Rigid Flex Circuit | R17: =(D17/C17-1)*100 -> 2.2219637 | S17: =(E17/D17-1)*100 -> 2.8868828 | T17: =(F17/E17-1)*100 -> 3.4998517 | U17: =(G17/F17-1)*100 -> 4.7218797 | V17: =(H17/G17-1)*100 -> 5.4706887 | W17: =(I17/H17-1)*100 -> 6.0997075 | X17: =(J17/I17-1)*100 -> 7.4676587 | Y17: =(K17/J17-1)*100 -> 8.8156491 | ... AB17: =(N17/M17-1)*100 -> 12.025358 | AC17: 0.04 | AD17: Rigid Flex Circuit | AE17: 0.073 | AF17: 0.073127273 | AG17: 0.073254545 | AH17: 0.073381818 | AI17: 0.073509091 | AJ17: 0.073636364 | AK17: 0.073763636 | AL17: 0.073890909 | AM17: 0.074018182 | AN17: 0.074145455 | AO17: 0.074272727 | AP17: 0.0744
B18: Others | C18: =C7*AE18 -> 363.44 | D18: =D7*AF18 -> 371.59138 | E18: =E7*AG18 -> 382.39658 | F18: =F7*AH18 -> 395.86014 | G18: =G7*AI18 -> 414.63591 | H18: =H7*AJ18 -> 437.40736 | I18: =I7*AK18 -> 464.18099 | J18: =J7*AL18 -> 498.94411 | ... N18: =N7*AP18 -> 742.86884 | O18: =((N18/H18)^(1/7)-1)*100% -> 0.078601114 | Q18: Others | R18: =(D18/C18-1)*100 -> 2.2428409 | S18: =(E18/D18-1)*100 -> 2.9078185 | T18: =(F18/E18-1)*100 -> 3.5208348 | U18: =(G18/F18-1)*100 -> 4.7430327 | V18: =(H18/G18-1)*100 -> 5.4919151 | W18: =(I18/H18-1)*100 -> 6.1209825 | X18: =(J18/I18-1)*100 -> 7.4891295 | Y18: =(K18/J18-1)*100 -> 8.83731 | ... AB18: =(N18/M18-1)*100 -> 12.047416 | AC18: 0.05 | AD18: Others | AE18: 0.056 | AF18: 0.056109091 | AG18: 0.056218182 | AH18: 0.056327273 | AI18: 0.056436364 | AJ18: 0.056545455 | AK18: 0.056654545 | AL18: 0.056763636 | AM18: 0.056872727 | AN18: 0.056981818 | AO18: 0.057090909 | AP18: 0.0572
B20: By Vertical | C20: =C7 -> 6490 | D20: =D7 -> 6622.6591 | E20: =E7 -> 6802.0091 | F20: =F7 -> 7027.8591 | G20: =G7 -> 7346.9636 | H20: =H7 -> 7735.5 | I20: =I7 -> 8193.1818 | J20: =J7 -> 8789.8545 | ... N20: =N7 -> 12987.218 | O20: =((N20/H20)^(1/7)-1)*100% -> 0.076829185 | Q20: By Vertical | R20: =(D20/C20-1)*100 -> 2.0440538 | S20: =(E20/D20-1)*100 -> 2.7081267 | T20: =(F20/E20-1)*100 -> 3.3203425 | U20: =(G20/F20-1)*100 -> 4.5405655 | V20: =(H20/G20-1)*100 -> 5.2883937 | W20: =(I20/H20-1)*100 -> 5.9166417 | X20: =(J20/I20-1)*100 -> 7.282552 | Y20: =(K20/J20-1)*100 -> 8.6285428 | ... AB20: =(N20/M20-1)*100 -> 11.833721 | AD20: By Vertical | AE20: 1 | AF20: 1 | AG20: 1 | AH20: 1 | AI20: 1 | AJ20: 1 | AK20: 1 | AL20: 1 | AM20: 1 | AN20: 1 | AO20: 1 | AP20: 1
B21: Automotive | C21: =C20*AE21 -> 1173.392 | D21: =D20*AF21 -> 1196.8951 | E21: =E20*AG21 -> 1228.8139 | F21: =F20*AH21 -> 1269.1036 | G21: =G20*AI21 -> 1326.1937 | H21: =H20*AJ21 -> 1395.7655 | I21: =I20*AK21 -> 1477.7521 | J21: =J20*AL21 -> 1584.7309 | ... N21: =N20*AP21 -> 2337.6991 | O21: =((N21/H21)^(1/7)-1)*100% -> 0.076456773 | Q21: Automotive | R21: =(D21/C21-1)*100 -> 2.0030063 | S21: =(E21/D21-1)*100 -> 2.6667955 | T21: =(F21/E21-1)*100 -> 3.2787482 | U21: =(G21/F21-1)*100 -> 4.498463 | V21: =(H21/G21-1)*100 -> 5.2459729 | W21: =(I21/H21-1)*100 -> 5.8739506 | X21: =(J21/I21-1)*100 -> 7.2392929 | Y21: =(K21/J21-1)*100 -> 8.5847233 | ... AB21: =(N21/M21-1)*100 -> 11.788554 | AC21: 0.03 | AD21: Automotive | AE21: 0.1808 | AF21: 0.18072727 | AG21: 0.18065455 | AH21: 0.18058182 | AI21: 0.18050909 | AJ21: 0.18043636 | AK21: 0.18036364 | AL21: 0.18029091 | AM21: 0.18021818 | AN21: 0.18014545 | AO21: 0.18007273 | AP21: 0.18
B22: Military, Defense and Aerospace | C22: =C20*AE22 -> 898.865 | D22: =D20*AF22 -> 917.59952 | E22: =E20*AG22 -> 942.8203 | F22: =F20*AH22 -> 974.5085 | G22: =G20*AI22 -> 1019.1574 | H22: =H20*AJ22 -> 1073.4764 | I22: =I20*AK22 -> 1137.4371 | J22: =J20*AL22 -> 1220.751 | ... N22: =N20*AP22 -> 1806.522 | O22: =((N22/H22)^(1/7)-1)*100% -> 0.077191608 | Q22: Military, Defense and Aerospace | R22: =(D22/C22-1)*100 -> 2.0842418 | S22: =(E22/D22-1)*100 -> 2.7485603 | T22: =(F22/E22-1)*100 -> 3.3610011 | U22: =(G22/F22-1)*100 -> 4.5816881 | V22: =(H22/G22-1)*100 -> 5.3297942 | W22: =(I22/H22-1)*100 -> 5.9582729 | X22: =(J22/I22-1)*100 -> 7.3247035 | Y22: =(K22/J22-1)*100 -> 8.6712064 | ... AB22: =(N22/M22-1)*100 -> 11.877592 | AC22: 0.04 | AD22: Military, Defense and Aerospace | AE22: 0.1385 | AF22: 0.13855455 | AG22: 0.13860909 | AH22: 0.13866364 | AI22: 0.13871818 | AJ22: 0.13877273 | AK22: 0.13882727 | AL22: 0.13888182 | AM22: 0.13893636 | AN22: 0.13899091 | AO22: 0.13904545 | AP22: 0.1391
B23: Consumer Electronics | C23: =C20*AE23 -> 1377.827 | D23: =D20*AF23 -> 1405.2078 | E23: =E20*AG23 -> 1442.4588 | F23: =F20*AH23 -> 1489.5228 | G23: =G20*AI23 -> 1556.2873 | H23: =H20*AJ23 -> 1637.6757 | I23: =I20*AK23 -> 1733.6028 | J23: =J20*AL23 -> 1858.8145 | ... N23: =N20*AP23 -> 2740.3029 | O23: =((N23/H23)^(1/7)-1)*100% -> 0.076313202 | Q23: Consumer Electronics | R23: =(D23/C23-1)*100 -> 1.9872486 | S23: =(E23/D23-1)*100 -> 2.65092 | T23: =(F23/E23-1)*100 -> 3.2627627 | U23: =(G23/F23-1)*100 -> 4.4822732 | V23: =(H23/G23-1)*100 -> 5.2296516 | W23: =(I23/H23-1)*100 -> 5.8575161 | X23: =(J23/I23-1)*100 -> 7.2226305 | Y23: =(K23/J23-1)*100 -> 8.5678356 | ... AB23: =(N23/M23-1)*100 -> 11.771118 | AC23: 0.01 | AD23: Consumer Electronics | AE23: 0.2123 | AF23: 0.21218182 | AG23: 0.21206364 | AH23: 0.21194545 | AI23: 0.21182727 | AJ23: 0.21170909 | AK23: 0.21159091 | AL23: 0.21147273 | AM23: 0.21135455 | AN23: 0.21123636 | AO23: 0.21111818 | AP23: 0.211
B24: Industrial | C24: =C20*AE24 -> 790.482 | D24: =D20*AF24 -> 807.00111 | E24: =E20*AG24 -> 829.22674 | F24: =F20*AH24 -> 857.14325 | G24: =G20*AI24 -> 896.46314 | H24: =H20*AJ24 -> 944.29358 | I24: =I20*AK24 -> 1000.611 | J24: =J20*AL24 -> 1073.9604 | ... N24: =N20*AP24 -> 1589.6354 | O24: =((N24/H24)^(1/7)-1)*100% -> 0.077241132 | Q24: Industrial | R24: =(D24/C24-1)*100 -> 2.089752 | S24: =(E24/D24-1)*100 -> 2.7541017 | T24: =(F24/E24-1)*100 -> 3.3665709 | U24: =(G24/F24-1)*100 -> 4.5873189 | V24: =(H24/G24-1)*100 -> 5.3354605 | W24: =(I24/H24-1)*100 -> 5.9639682 | X24: =(J24/I24-1)*100 -> 7.3304674 | Y24: =(K24/J24-1)*100 -> 8.6770377 | ... AB24: =(N24/M24-1)*100 -> 11.88358 | AC24: 0.05 | AD24: Industrial | AE24: 0.1218 | AF24: 0.12185455 | AG24: 0.12190909 | AH24: 0.12196364 | AI24: 0.12201818 | AJ24: 0.12207273 | AK24: 0.12212727 | AL24: 0.12218182 | AM24: 0.12223636 | AN24: 0.12229091 | AO24: 0.12234545 | AP24: 0.1224
B25: Healthcare and Medical | C25: =C20*AE25 -> 1318.119 | D25: =D20*AF25 -> 1343.1957 | E25: =E20*AG25 -> 1377.6542 | F25: =F20*AH25 -> 1421.4164 | G25: =G20*AI25 -> 1483.8863 | H25: =H20*AJ25 -> 1560.18 | I25: =I20*AK25 -> 1650.1813 | J25: =J20*AL25 -> 1767.8795 | ... N25: =N20*AP25 -> 2597.4435 | O25: =((N25/H25)^(1/7)-1)*100% -> 0.075534845 | Q25: Healthcare and Medical | R25: =(D25/C25-1)*100 -> 1.9024592 | S25: =(E25/D25-1)*100 -> 2.5654126 | T25: =(F25/E25-1)*100 -> 3.176578 | U25: =(G25/F25-1)*100 -> 4.3949004 | V25: =(H25/G25-1)*100 -> 5.1414819 | W25: =(I25/H25-1)*100 -> 5.7686467 | X25: =(J25/I25-1)*100 -> 7.1324388 | Y25: =(K25/J25-1)*100 -> 8.4763332 | ... AB25: =(N25/M25-1)*100 -> 11.676359 | AC25: 0.02 | AD25: Healthcare and Medical | AE25: 0.2031 | AF25: 0.20281818 | AG25: 0.20253636 | AH25: 0.20225455 | AI25: 0.20197273 | AJ25: 0.20169091 | AK25: 0.20140909 | AL25: 0.20112727 | AM25: 0.20084545 | AN25: 0.20056364 | AO25: 0.20028182 | AP25: 0.2
B26: Energy and Power | C26: =C20*AE26 -> 486.75 | D26: =D20*AF26 -> 497.00046 | E26: =E20*AG26 -> 510.76905 | F26: =F20*AH26 -> 528.04778 | G26: =G20*AI26 -> 552.35808 | H26: =H20*AJ26 -> 581.92057 | I26: =I20*AK26 -> 616.72314 | J26: =J20*AL26 -> 662.03586 | ... N26: =N20*AP26 -> 980.53492 | O26: =((N26/H26)^(1/7)-1)*100% -> 0.077386022 | Q26: Energy and Power | R26: =(D26/C26-1)*100 -> 2.1058987 | S26: =(E26/D26-1)*100 -> 2.7703364 | T26: =(F26/E26-1)*100 -> 3.3828851 | U26: =(G26/F26-1)*100 -> 4.6038084 | V26: =(H26/G26-1)*100 -> 5.3520505 | W26: =(I26/H26-1)*100 -> 5.9806397 | X26: =(J26/I26-1)*100 -> 7.3473362 | Y26: =(K26/J26-1)*100 -> 8.6941002 | ... AB26: =(N26/M26-1)*100 -> 11.901091 | AC26: 0.06 | AD26: Energy and Power | AE26: 0.075 | AF26: 0.075045455 | AG26: 0.075090909 | AH26: 0.075136364 | AI26: 0.075181818 | AJ26: 0.075227273 | AK26: 0.075272727 | AL26: 0.075318182 | AM26: 0.075363636 | AN26: 0.075409091 | AO26: 0.075454545 | AP26: 0.0755
B27: Others | C27: =C20*AE27 -> 444.565 | D27: =D20*AF27 -> 455.75936 | E27: =E20*AG27 -> 470.26617 | F27: =F20*AH27 -> 488.11676 | G27: =G20*AI27 -> 512.61769 | H27: =H20*AJ27 -> 542.18823 | I27: =I20*AK27 -> 576.87448 | J27: =J20*AL27 -> 621.68244 | ... N27: =N20*AP27 -> 935.07966 | O27: =((N27/H27)^(1/7)-1)*100% -> 0.08097108 | Q27: Others | R27: =(D27/C27-1)*100 -> 2.5180474 | S27: =(E27/D27-1)*100 -> 3.1829992 | T27: =(F27/E27-1)*100 -> 3.7958471 | U27: =(G27/F27-1)*100 -> 5.0194817 | V27: =(H27/G27-1)*100 -> 5.7685362 | W27: =(I27/H27-1)*100 -> 6.3974565 | X27: =(J27/I27-1)*100 -> 7.7673666 | Y27: =(K27/J27-1)*100 -> 9.1172316 | ... AB27: =(N27/M27-1)*100 -> 12.33013 | AC27: 0.07 | AD27: Others | AE27: 0.0685 | AF27: 0.068818182 | AG27: 0.069136364 | AH27: 0.069454545 | AI27: 0.069772727 | AJ27: 0.070090909 | AK27: 0.070409091 | AL27: 0.070727273 | AM27: 0.071045455 | AN27: 0.071363636 | AO27: 0.071681818 | AP27: 0.072
B29: By Country | C29: =C20 -> 6490 | D29: =D20 -> 6622.6591 | E29: =E20 -> 6802.0091 | F29: =F20 -> 7027.8591 | G29: =G20 -> 7346.9636 | H29: =H20 -> 7735.5 | I29: =I20 -> 8193.1818 | J29: =J20 -> 8789.8545 | ... N29: =N20 -> 12987.218 | O29: =((N29/H29)^(1/7)-1)*100% -> 0.076829185 | Q29: By Country | R29: =(D29/C29-1)*100 -> 2.0440538 | S29: =(E29/D29-1)*100 -> 2.7081267 | T29: =(F29/E29-1)*100 -> 3.3203425 | U29: =(G29/F29-1)*100 -> 4.5405655 | V29: =(H29/G29-1)*100 -> 5.2883937 | W29: =(I29/H29-1)*100 -> 5.9166417 | X29: =(J29/I29-1)*100 -> 7.282552 | Y29: =(K29/J29-1)*100 -> 8.6285428 | ... AB29: =(N29/M29-1)*100 -> 11.833721 | AD29: By Country | AE29: 1 | AF29: 1 | AG29: 1 | AH29: 1 | AI29: 1 | AJ29: 1 | AK29: 1 | AL29: 1 | AM29: 1 | AN29: 1 | AO29: 1 | AP29: 1
B30: Germany | C30: =C29*AE30 -> 1233.1 | D30: =D29*AF30 -> 1254.0908 | E30: =E29*AG30 -> 1283.7246 | F30: =F29*AH30 -> 1321.8764 | G30: =G29*AI30 -> 1377.2217 | H30: =H29*AJ30 -> 1445.132 | I30: =I29*AK30 -> 1525.4215 | J30: =J29*AL30 -> 1630.9176 | ... N30: =N29*AP30 -> 2376.6608 | O30: =((N30/H30)^(1/7)-1)*100% -> 0.073657266 | Q30: Germany | R30: =(D30/C30-1)*100 -> 1.7022794 | S30: =(E30/D30-1)*100 -> 2.3629722 | T30: =(F30/E30-1)*100 -> 2.9719599 | U30: =(G30/F30-1)*100 -> 4.1868758 | V30: =(H30/G30-1)*100 -> 4.9309646 | W30: =(I30/H30-1)*100 -> 5.5558551 | X30: =(J30/I30-1)*100 -> 6.9158636 | Y30: =(K30/J30-1)*100 -> 8.2559805 | ... AB30: =(N30/M30-1)*100 -> 11.446179 | AC30: 0.01 | AD30: Germany | AE30: 0.19 | AF30: 0.18936364 | AG30: 0.18872727 | AH30: 0.18809091 | AI30: 0.18745455 | AJ30: 0.18681818 | AK30: 0.18618182 | AL30: 0.18554545 | AM30: 0.18490909 | AN30: 0.18427273 | AO30: 0.18363636 | AP30: 0.183
B31: France | C31: =C29*AE31 -> 1031.91 | D31: =D29*AF31 -> 1053.6049 | E31: =E29*AG31 -> 1082.7562 | F31: =F29*AH31 -> 1119.3463 | G31: =G29*AI31 -> 1170.8388 | H31: =H29*AJ31 -> 1233.4606 | I31: =I29*AK31 -> 1307.1849 | J31: =J29*AL31 -> 1403.1804 | ... N31: =N29*AP31 -> 2077.9548 | O31: =((N31/H31)^(1/7)-1)*100% -> 0.077354639 | Q31: France | R31: =(D31/C31-1)*100 -> 2.102398 | S31: =(E31/D31-1)*100 -> 2.7668171 | T31: =(F31/E31-1)*100 -> 3.379349 | U31: =(G31/F31-1)*100 -> 4.6002348 | V31: =(H31/G31-1)*100 -> 5.3484556 | W31: =(I31/H31-1)*100 -> 5.9770275 | X31: =(J31/I31-1)*100 -> 7.3436817 | Y31: =(K31/J31-1)*100 -> 8.6904042 | ... AB31: =(N31/M31-1)*100 -> 11.897299 | AC31: 0.03 | AD31: France | AE31: 0.159 | AF31: 0.15909091 | AG31: 0.15918182 | AH31: 0.15927273 | AI31: 0.15936364 | AJ31: 0.15945455 | AK31: 0.15954545 | AL31: 0.15963636 | AM31: 0.15972727 | AN31: 0.15981818 | AO31: 0.15990909 | AP31: 0.16
B32: UK | C32: =C29*AE32 -> 1044.89 | D32: =D29*AF32 -> 1064.1409 | E32: =E29*AG32 -> 1090.7949 | F32: =F29*AH32 -> 1124.7769 | G32: =G29*AI32 -> 1173.5105 | H32: =H29*AJ32 -> 1233.109 | I32: =I29*AK32 -> 1303.4607 | J32: =J29*AL32 -> 1395.5892 | ... N32: =N29*AP32 -> 2045.4868 | O32: =((N32/H32)^(1/7)-1)*100% -> 0.07497735 | Q32: UK | R32: =(D32/C32-1)*100 -> 1.8423857 | S32: =(E32/D32-1)*100 -> 2.5047443 | T32: =(F32/E32-1)*100 -> 3.1153418 | U32: =(G32/F32-1)*100 -> 4.3327314 | V32: =(H32/G32-1)*100 -> 5.0786559 | W32: =(I32/H32-1)*100 -> 5.7052312 | X32: =(J32/I32-1)*100 -> 7.0679869 | Y32: =(K32/J32-1)*100 -> 8.4108504 | ... AB32: =(N32/M32-1)*100 -> 11.60825 | AC32: 0.02 | AD32: UK | AE32: 0.161 | AF32: 0.16068182 | AG32: 0.16036364 | AH32: 0.16004545 | AI32: 0.15972727 | AJ32: 0.15940909 | AK32: 0.15909091 | AL32: 0.15877273 | AM32: 0.15845455 | AN32: 0.15813636 | AO32: 0.15781818 | AP32: 0.1575
B33: Russia | C33: =C29*AE33 -> 791.78 | D33: =D29*AF33 -> 809.40935 | E33: =E29*AG33 -> 832.81326 | F33: =F29*AH33 -> 861.99886 | G33: =G29*AI33 -> 902.74146 | H33: =H29*AJ33 -> 952.16973 | I33: =I29*AK33 -> 1010.2938 | J33: =J29*AL33 -> 1085.7868 | ... N33: =N29*AP33 -> 1615.6099 | O33: =((N33/H33)^(1/7)-1)*100% -> 0.078457812 | Q33: Russia | R33: =(D33/C33-1)*100 -> 2.2265469 | S33: =(E33/D33-1)*100 -> 2.8914795 | T33: =(F33/E33-1)*100 -> 3.5044596 | U33: =(G33/F33-1)*100 -> 4.7265256 | V33: =(H33/G33-1)*100 -> 5.4753515 | W33: =(I33/H33-1)*100 -> 6.1043817 | X33: =(J33/I33-1)*100 -> 7.4723766 | Y33: =(K33/J33-1)*100 -> 8.8204095 | ... AB33: =(N33/M33-1)*100 -> 12.030208 | AC33: 0.06 | AD33: Russia | AE33: 0.122 | AF33: 0.12221818 | AG33: 0.12243636 | AH33: 0.12265455 | AI33: 0.12287273 | AJ33: 0.12309091 | AK33: 0.12330909 | AL33: 0.12352727 | AM33: 0.12374545 | AN33: 0.12396364 | AO33: 0.12418182 | AP33: 0.1244
B34: Italy | C34: =C29*AE34 -> 798.27 | D34: =D29*AF34 -> 816.21263 | E34: =E29*AG34 -> 839.98629 | F34: =F29*AH34 -> 869.60173 | G34: =G29*AI34 -> 910.88991 | H34: =H29*AJ34 -> 960.96007 | I34: =I29*AK34 -> 1019.8277 | J34: =J29*AL34 -> 1096.2547 | ... N34: =N29*AP34 -> 1632.4932 | O34: =((N34/H34)^(1/7)-1)*100% -> 0.07864369 | Q34: Italy | R34: =(D34/C34-1)*100 -> 2.2476894 | S34: =(E34/D34-1)*100 -> 2.9126793 | T34: =(F34/E34-1)*100 -> 3.5257054 | U34: =(G34/F34-1)*100 -> 4.7479415 | V34: =(H34/G34-1)*100 -> 5.4968397 | W34: =(I34/H34-1)*100 -> 6.1259172 | X34: =(J34/I34-1)*100 -> 7.4941083 | Y34: =(K34/J34-1)*100 -> 8.8423318 | ... AB34: =(N34/M34-1)*100 -> 12.052526 | AC34: 0.05 | AD34: Italy | AE34: 0.123 | AF34: 0.12324545 | AG34: 0.12349091 | AH34: 0.12373636 | AI34: 0.12398182 | AJ34: 0.12422727 | AK34: 0.12447273 | AL34: 0.12471818 | AM34: 0.12496364 | AN34: 0.12520909 | AO34: 0.12545455 | AP34: 0.1257
B35: Spain | C35: =C29*AE35 -> 584.1 | D35: =D29*AF35 -> 597.06282 | E35: =E29*AG35 -> 614.28326 | F35: =F29*AH35 -> 635.76569 | G35: =G29*AI35 -> 665.76849 | H35: =H29*AJ35 -> 702.17243 | I35: =I29*AK35 -> 744.98368 | J35: =J29*AL35 -> 800.59593 | ... N35: =N29*AP35 -> 1190.9278 | O35: =((N35/H35)^(1/7)-1)*100% -> 0.0783938 | Q35: Spain | R35: =(D35/C35-1)*100 -> 2.219281 | S35: =(E35/D35-1)*100 -> 2.8841919 | T35: =(F35/E35-1)*100 -> 3.4971541 | U35: =(G35/F35-1)*100 -> 4.7191596 | V35: =(H35/G35-1)*100 -> 5.4679586 | W35: =(I35/H35-1)*100 -> 6.0969705 | X35: =(J35/I35-1)*100 -> 7.4648959 | Y35: =(K35/J35-1)*100 -> 8.8128611 | ... AB35: =(N35/M35-1)*100 -> 12.022517 | AC35: 0.07 | AD35: Spain | AE35: 0.09 | AF35: 0.090154545 | AG35: 0.090309091 | AH35: 0.090463636 | AI35: 0.090618182 | AJ35: 0.090772727 | AK35: 0.090927273 | AL35: 0.091081818 | AM35: 0.091236364 | AN35: 0.091390909 | AO35: 0.091545455 | AP35: 0.0917
B36: Rest of Europe | C36: =C29*AE36 -> 1005.95 | D36: =D29*AF36 -> 1028.1377 | E36: =E29*AG36 -> 1057.6506 | F36: =F29*AH36 -> 1094.4932 | G36: =G29*AI36 -> 1145.9927 | H36: =H29*AJ36 -> 1208.4961 | I36: =I29*AK36 -> 1282.0095 | J36: =J29*AL36 -> 1377.53 | ... N36: =N29*AP36 -> 2048.0842 | O36: =((N36/H36)^(1/7)-1)*100% -> 0.078273515 | Q36: Rest of Europe | R36: =(D36/C36-1)*100 -> 2.2056485 | S36: =(E36/D36-1)*100 -> 2.8705159 | T36: =(F36/E36-1)*100 -> 3.4834418 | U36: =(G36/F36-1)*100 -> 4.7053309 | V36: =(H36/G36-1)*100 -> 5.4540766 | W36: =(I36/H36-1)*100 -> 6.0830513 | X36: =(J36/I36-1)*100 -> 7.4508433 | Y36: =(K36/J36-1)*100 -> 8.7986786 | ... AB36: =(N36/M36-1)*100 -> 12.008058 | AC36: 0.04 | AD36: Rest of Europe | AE36: 0.155 | AF36: 0.15524545 | AG36: 0.15549091 | AH36: 0.15573636 | AI36: 0.15598182 | AJ36: 0.15622727 | AK36: 0.15647273 | AL36: 0.15671818 | AM36: 0.15696364 | AN36: 0.15720909 | AO36: 0.15745455 | AP36: 0.1577
AJ42: 2023 | AK42: 2030
AI43: =AD8 -> Flexible Electronics | AJ43: =AI8 -> 0.53372727 | AK43: =AP8 -> 0.5315
AI44: =AD13 -> Flexible Circuit | AJ44: =AI13 -> 0.46627273 | AK44: =AP13 -> 0.4685
AJ62: 2023 | AK62: 2030
AI63: =AD21 -> Automotive | AJ63: =AI21 -> 0.18050909 | AK63: =AP21 -> 0.18
AI64: =AD22 -> Military, Defense and Aerospace | AJ64: =AI22 -> 0.13871818 | AK64: =AP22 -> 0.1391
AI65: =AD23 -> Consumer Electronics | AJ65: =AI23 -> 0.21182727 | AK65: =AP23 -> 0.211
AI66: =AD24 -> Industrial | AJ66: =AI24 -> 0.12201818 | AK66: =AP24 -> 0.1224
AI67: =AD25 -> Healthcare and Medical | AJ67: =AI25 -> 0.20197273 | AK67: =AP25 -> 0.2
AI68: =AD26 -> Energy and Power | AJ68: =AI26 -> 0.075181818 | AK68: =AP26 -> 0.0755
AI69: =AD27 -> Others | AJ69: =AI27 -> 0.069772727 | AK69: =AP27 -> 0.072
AJ76: 2023 | AK76: 2030
AI77: =AD30 -> Germany | AJ77: =AI30 -> 0.18745455 | AK77: =AP30 -> 0.183
AI78: =AD31 -> France | AJ78: =AI31 -> 0.15936364 | AK78: =AP31 -> 0.16
AI79: =AD32 -> UK | AJ79: =AI32 -> 0.15972727 | AK79: =AP32 -> 0.1575
AI80: =AD33 -> Russia | AJ80: =AI33 -> 0.12287273 | AK80: =AP33 -> 0.1244
AI81: =AD34 -> Italy | AJ81: =AI34 -> 0.12398182 | AK81: =AP34 -> 0.1257
AI82: =AD35 -> Spain | AJ82: =AI35 -> 0.090618182 | AK82: =AP35 -> 0.0917
AI83: =AD36 -> Rest of Europe | AJ83: =AI36 -> 0.15598182 | AK83: =AP36 -> 0.1577

Sheet Asia-Pacific
B4: Asia-Pacific Flexible Electronics and Circuit Market | D4: Market Value (US$ Million) | Q4: Asia-Pacific Flexible Electronics and Circuit Market | S4: Market Y-o-Y Growth (%) | AD4: Asia-Pacific Flexible Electronics and Circuit Market | AF4: Market Share (%)
C5: 2019 | D5: 2020 | E5: 2021 | F5: 2022 | G5: 2023 | H5: 2024 | I5: 2025 | J5: 2026 | K5: 2027 | L5: 2028 | M5: 2029 | N5: 2030 | O5: CAGR (2024-2030) % | R5: 2020 | S5: 2021 | T5: 2022 | U5: 2023 | V5: 2024 | W5: 2025 | X5: 2026 | Y5: 2027 | Z5: 2028 | AA5: 2029 | AB5: 2030 | AE5: 2019 | AF5: 2020 | AG5: 2021 | AH5: 2022 | AI5: 2023 | AJ5: 2024 | AK5: 2025 | AL5: 2026 | AM5: 2027 | AN5: 2028 | AO5: 2029 | AP5: 2030
B7: By Type | C7: =Global!C32 -> 5720 | D7: =Global!D32 -> 5849.9091 | E7: =Global!E32 -> 6021.7091 | F7: =Global!F32 -> 6235.5091 | G7: =Global!G32 -> 6533.1636 | H7: =Global!H32 -> 6894 | I7: =Global!I32 -> 7318.1818 | J7: =Global!J32 -> 7868.6545 | ... N7: =Global!N32 -> 11730.39 | O7: =((N7/H7)^(1/7)-1)*100% -> 0.078890354 | Q7: By Type | R7: =(D7/C7-1)*100 -> 2.271138 | S7: =(E7/D7-1)*100 -> 2.9367978 | T7: =(F7/E7-1)*100 -> 3.550487 | U7: =(G7/F7-1)*100 -> 4.7735404 | V7: =(H7/G7-1)*100 -> 5.523149 | W7: =(I7/H7-1)*100 -> 6.1529129 | X7: =(J7/I7-1)*100 -> 7.5219876 | Y7: =(K7/J7-1)*100 -> 8.8711019 | ... AB7: =(N7/M7-1)*100 -> 12.083811 | AD7: By Type | AE7: 1 | AF7: 1 | AG7: 1 | AH7: 1 | AI7: 1 | AJ7: 1 | AK7: 1 | AL7: 1 | AM7: 1 | AN7: 1 | AO7: 1 | AP7: 1
B8: Flexible Electronics | C8: =C7*AE8 -> 3123.12 | D8: =D7*AF8 -> 3192.4549 | E8: =E7*AG8 -> 3284.5686 | F8: =F7*AH8 -> 3399.4862 | G8: =G7*AI8 -> 3559.9803 | H8: =H7*AJ8 -> 3754.7231 | I8: =I7*AK8 -> 3983.7521 | J8: =J7*AL8 -> 4281.2634 | ... N8: =N7*AP8 -> 6369.6018 | O8: =((N8/H8)^(1/7)-1)*100% -> 0.078426681 | Q8: Flexible Electronics | R8: =(D8/C8-1)*100 -> 2.2200535 | S8: =(E8/D8-1)*100 -> 2.8853551 | T8: =(F8/E8-1)*100 -> 3.4987118 | U8: =(G8/F8-1)*100 -> 4.7211274 | V8: =(H8/G8-1)*100 -> 5.4703346 | W8: =(I8/H8-1)*100 -> 6.0997568 | X8: =(J8/I8-1)*100 -> 7.4681188 | Y8: =(K8/J8-1)*100 -> 8.8165299 | ... AB8: =(N8/M8-1)*100 -> 12.027544 | AC8: 0.01 | AD8: Flexible Electronics | AE8: 0.546 | AF8: 0.54572727 | AG8: 0.54545455 | AH8: 0.54518182 | AI8: 0.54490909 | AJ8: 0.54463636 | AK8: 0.54436364 | AL8: 0.54409091 | AM8: 0.54381818 | AN8: 0.54354545 | AO8: 0.54327273 | AP8: 0.543
B9: Flexible Displays | C9: =C7*AE9 -> 1154.296 | D9: =D7*AF9 -> 1177.6931 | E9: =E7*AG9 -> 1209.3782 | F9: =F7*AH9 -> 1249.3126 | G9: =G7*AI9 -> 1305.8012 | H9: =H7*AJ9 -> 1374.6009 | I9: =I7*AK9 -> 1455.6529 | J9: =J7*AL9 -> 1561.3557 | ... N9: =N7*AP9 -> 2305.0216 | O9: =((N9/H9)^(1/7)-1)*100% -> 0.076641699 | Q9: Flexible Displays | R9: =(D9/C9-1)*100 -> 2.0269551 | S9: =(E9/D9-1)*100 -> 2.6904374 | T9: =(F9/E9-1)*100 -> 3.3020634 | U9: =(G9/F9-1)*100 -> 4.5215781 | V9: =(H9/G9-1)*100 -> 5.2687723 | W9: =(I9/H9-1)*100 -> 5.8963997 | X9: =(J9/I9-1)*100 -> 7.2615367 | Y9: =(K9/J9-1)*100 -> 8.6067427 | ... AB9: =(N9/M9-1)*100 -> 11.809653 | AC9: 0.01 | AD9: Flexible Displays | AE9: 0.2018 | AF9: 0.20131818 | AG9: 0.20083636 | AH9: 0.20035455 | AI9: 0.19987273 | AJ9: 0.19939091 | AK9: 0.19890909 | AL9: 0.19842727 | AM9: 0.19794545 | AN9: 0.19746364 | AO9: 0.19698182 | AP9: 0.1965
B10: Flexible Batteries | C10: =C7*AE10 -> 700.128 | D10: =D7*AF10 -> 716.56068 | E10: =E7*AG10 -> 738.15205 | F10: =F7*AH10 -> 764.92691 | G10: =G7*AI10 -> 802.03492 | H10: =H7*AJ10 -> 846.95924 | I10: =I7*AK10 -> 899.73719 | J10: =J7*AL10 -> 968.13064 | ... N10: =N7*AP10 -> 1447.5301 | O10: =((N10/H10)^(1/7)-1)*100% -> 0.079573356 | Q10: Flexible Batteries | R10: =(D10/C10-1)*100 -> 2.3470969 | S10: =(E10/D10-1)*100 -> 3.0131944 | T10: =(F10/E10-1)*100 -> 3.6272821 | U10: =(G10/F10-1)*100 -> 4.8511849 | V10: =(H10/G10-1)*100 -> 5.6012912 | W10: =(I10/H10-1)*100 -> 6.2314633 | X10: =(J10/I10-1)*100 -> 7.6014922 | Y10: =(K10/J10-1)*100 -> 8.9515446 | ... AB10: =(N10/M10-1)*100 -> 12.166444 | AC10: 0.03 | AD10: Flexible Batteries | AE10: 0.1224 | AF10: 0.12249091 | AG10: 0.12258182 | AH10: 0.12267273 | AI10: 0.12276364 | AJ10: 0.12285455 | AK10: 0.12294545 | AL10: 0.12303636 | AM10: 0.12312727 | AN10: 0.12321818 | AO10: 0.12330909 | AP10: 0.1234
B11: Flexible Sensors | C11: =C7*AE11 -> 736.736 | D11: =D7*AF11 -> 753.89374 | E11: =E7*AG11 -> 776.47202 | F11: =F7*AH11 -> 804.49405 | G11: =G7*AI11 -> 843.37203 | H11: =H7*AJ11 -> 890.45411 | I11: =I7*AK11 -> 945.77521 | J11: =J7*AL11 -> 1017.4886 | ... N11: =N7*AP11 -> 1520.2585 | O11: =((N11/H11)^(1/7)-1)*100% -> 0.079410302 | Q11: Flexible Sensors | R11: =(D11/C11-1)*100 -> 2.3288856 | S11: =(E11/D11-1)*100 -> 2.9948885 | T11: =(F11/E11-1)*100 -> 3.6088911 | U11: =(G11/F11-1)*100 -> 4.832601 | V11: =(H11/G11-1)*100 -> 5.5825987 | W11: =(I11/H11-1)*100 -> 6.2126837 | X11: =(J11/I11-1)*100 -> 7.5824952 | Y11: =(K11/J11-1)*100 -> 8.9323343 | ... AB11: =(N11/M11-1)*100 -> 12.146744 | AC11: 0.02 | AD11: Flexible Sensors | AE11: 0.1288 | AF11: 0.12887273 | AG11: 0.12894545 | AH11: 0.12901818 | AI11: 0.12909091 | AJ11: 0.12916364 | AK11: 0.12923636 | AL11: 0.12930909 | AM11: 0.12938182 | AN11: 0.12945455 | AO11: 0.12952727 | AP11: 0.1296
B12: Flexible Memory | C12: =C7*AE12 -> 531.96 | D12: =D7*AF12 -> 544.30745 | E12: =E7*AG12 -> 560.56637 | F12: =F7*AH12 -> 580.75264 | G12: =G7*AI12 -> 608.77207 | H12: =H7*AJ12 -> 642.70882 | I12: =I7*AK12 -> 682.58678 | J12: =J7*AL12 -> 734.28854 | ... N12: =N7*AP12 -> 1096.7915 | O12: =((N12/H12)^(1/7)-1)*100% -> 0.079340674 | Q12: Flexible Memory | R12: =(D12/C12-1)*100 -> 2.3211238 | S12: =(E12/D12-1)*100 -> 2.9870844 | T12: =(F12/E12-1)*100 -> 3.6010488 | U12: =(G12/F12-1)*100 -> 4.8246744 | V12: =(H12/G12-1)*100 -> 5.5746237 | W12: =(I12/H12-1)*100 -> 6.2046696 | X12: =(J12/I12-1)*100 -> 7.5743862 | Y12: =(K12/J12-1)*100 -> 8.9241322 | ... AB12: =(N12/M12-1)*100 -> 12.138326 | AC12: 0.04 | AD12: Flexible Memory | AE12: 0.093 | AF12: 0.093045455 | AG12: 0.093090909 | AH12: 0.093136364 | AI12: 0.093181818 | AJ12: 0.093227273 | AK12: 0.093272727 | AL12: 0.093318182 | AM12: 0.093363636 | AN12: 0.093409091 | AO12: 0.093454545 | AP12: 0.0935
B13: Flexible Circuit | C13: =C7*AE13 -> 2596.88 | D13: =D7*AF13 -> 2657.4542 | E13: =E7*AG13 -> 2737.1405 | F13: =F7*AH13 -> 2836.0229 | G13: =G7*AI13 -> 2973.1834 | H13: =H7*AJ13 -> 3139.2769 | I13: =I7*AK13 -> 3334.4298 | J13: =J7*AL13 -> 3587.3911 | ... N13: =N7*AP13 -> 5360.7882 | O13: =((N13/H13)^(1/7)-1)*100% -> 0.079443364 | Q13: Flexible Circuit | R13: =(D13/C13-1)*100 -> 2.3325744 | S13: =(E13/D13-1)*100 -> 2.9985969 | T13: =(F13/E13-1)*100 -> 3.6126173 | U13: =(G13/F13-1)*100 -> 4.8363668 | V13: =(H13/G13-1)*100 -> 5.586387 | W13: =(I13/H13-1)*100 -> 6.2164903 | X13: =(J13/I13-1)*100 -> 7.5863463 | Y13: =(K13/J13-1)*100 -> 8.9362292 | ... AB13: =(N13/M13-1)*100 -> 12.15074 | AC13: 0.02 | AD13: Flexible Circuit | AE13: 0.454 | AF13: 0.45427273 | AG13: 0.45454545 | AH13: 0.45481818 | AI13: 0.45509091 | AJ13: 0.45536364 | AK13: 0.45563636 | AL13: 0.45590909 | AM13: 0.45618182 | AN13: 0.45645455 | AO13: 0.45672727 | AP13: 0.457
B14: Single Sided Flex Circuit | C14: =C7*AE14 -> 629.2 | D14: =D7*AF14 -> 644.6068 | E14: =E7*AG14 -> 664.6872 | F14: =F7*AH14 -> 689.47725 | G14: =G7*AI14 -> 723.63696 | H14: =H7*AJ14 -> 764.92064 | I14: =I7*AK14 -> 813.38264 | J14: =J7*AL14 -> 876.06738 | ... N14: =N7*AP14 -> 1314.9767 | O14: =((N14/H14)^(1/7)-1)*100% -> 0.080474512 | Q14: Single Sided Flex Circuit | R14: =(D14/C14-1)*100 -> 2.4486333 | S14: =(E14/D14-1)*100 -> 3.1151389 | T14: =(F14/E14-1)*100 -> 3.7295811 | U14: =(G14/F14-1)*100 -> 4.9544369 | V14: =(H14/G14-1)*100 -> 5.7050258 | W14: =(I14/H14-1)*100 -> 6.3355603 | X14: =(J14/I14-1)*100 -> 7.7066728 | Y14: =(K14/J14-1)*100 -> 9.0577838 | ... AB14: =(N14/M14-1)*100 -> 12.275018 | AC14: 0.02 | AD14: Single Sided Flex Circuit | AE14: 0.11 | AF14: 0.11019091 | AG14: 0.11038182 | AH14: 0.11057273 | AI14: 0.11076364 | AJ14: 0.11095455 | AK14: 0.11114545 | AL14: 0.11133636 | AM14: 0.11152727 | AN14: 0.11171818 | AO14: 0.11190909 | AP14: 0.1121
B15: Double Sided Flex Circuit | C15: =C7*AE15 -> 572 | D15: =D7*AF15 -> 585.25681 | E15: =E7*AG15 -> 602.71834 | F15: =F7*AH15 -> 624.40121 | G15: =G7*AI15 -> 654.50421 | H15: =H7*AJ15 -> 690.96682 | I15: =I7*AK15 -> 733.81405 | J15: =J7*AL15 -> 789.36912 | ... N15: =N7*AP15 -> 1178.9042 | O15: =((N15/H15)^(1/7)-1)*100% -> 0.07930926 | Q15: Double Sided Flex Circuit | R15: =(D15/C15-1)*100 -> 2.3176248 | S15: =(E15/D15-1)*100 -> 2.983566 | T15: =(F15/E15-1)*100 -> 3.5975127 | U15: =(G15/F15-1)*100 -> 4.8210999 | V15: =(H15/G15-1)*100 -> 5.571027 | W15: =(I15/H15-1)*100 -> 6.2010549 | X15: =(J15/I15-1)*100 -> 7.5707283 | Y15: =(K15/J15-1)*100 -> 8.9204318 | ... AB15: =(N15/M15-1)*100 -> 12.134527 | AC15: 0.03 | AD15: Double Sided Flex Circuit | AE15: 0.1 | AF15: 0.10004545 | AG15: 0.10009091 | AH15: 0.10013636 | AI15: 0.10018182 | AJ15: 0.10022727 | AK15: 0.10027273 | AL15: 0.10031818 | AM15: 0.10036364 | AN15: 0.10040909 | AO15: 0.10045455 | AP15: 0.1005
B16: Multilayer Flex Circuit | C16: =C7*AE16 -> 657.8 | D16: =D7*AF16 -> 671.67593 | E16: =E7*AG16 -> 690.30683 | F16: =F7*AH16 -> 713.68236 | G16: =G7*AI16 -> 746.56243 | H16: =H7*AJ16 -> 786.54273 | I16: =I7*AK16 -> 833.60744 | J16: =J7*AL16 -> 894.88062 | ... N16: =N7*AP16 -> 1325.5341 | O16: =((N16/H16)^(1/7)-1)*100% -> 0.077410553 | Q16: Multilayer Flex Circuit | R16: =(D16/C16-1)*100 -> 2.1094445 | S16: =(E16/D16-1)*100 -> 2.7737941 | T16: =(F16/E16-1)*100 -> 3.3862515 | U16: =(G16/F16-1)*100 -> 4.6071011 | V16: =(H16/G16-1)*100 -> 5.3552522 | W16: =(I16/H16-1)*100 -> 5.983745 | X16: =(J16/I16-1)*100 -> 7.3503643 | Y16: =(K16/J16-1)*100 -> 8.6970474 | ... AB16: =(N16/M16-1)*100 -> 11.903756 | AC16: 0.01 | AD16: Multilayer Flex Circuit | AE16: 0.115 | AF16: 0.11481818 | AG16: 0.11463636 | AH16: 0.11445455 | AI16: 0.11427273 | AJ16: 0.11409091 | AK16: 0.11390909 | AL16: 0.11372727 | AM16: 0.11354545 | AN16: 0.11336364 | AO16: 0.11318182 | AP16: 0.113
B17: Rigid Flex Circuit | C17: =C7*AE17 -> 423.28 | D17: =D7*AF17 -> 433.63781 | E17: =E7*AG17 -> 447.13927 | F17: =F7*AH17 -> 463.8085 | G17: =G7*AI17 -> 486.78008 | H17: =H7*AJ17 -> 514.54309 | I17: =I7*AK17 -> 547.13388 | J17: =J7*AL17 -> 589.29069 | ... N17: =N7*AP17 -> 884.47141 | O17: =((N17/H17)^(1/7)-1)*100% -> 0.080460424 | Q17: Rigid Flex Circuit | R17: =(D17/C17-1)*100 -> 2.4470343 | S17: =(E17/D17-1)*100 -> 3.113535 | T17: =(F17/E17-1)*100 -> 3.7279732 | U17: =(G17/F17-1)*100 -> 4.9528156 | V17: =(H17/G17-1)*100 -> 5.7033984 | W17: =(I17/H17-1)*100 -> 6.3339289 | X17: =(J17/I17-1)*100 -> 7.705026 | Y17: =(K17/J17-1)*100 -> 9.056122 | ... AB17: =(N17/M17-1)*100 -> 12.273324 | AC17: 0.04 | AD17: Rigid Flex Circuit | AE17: 0.074 | AF17: 0.074127273 | AG17: 0.074254545 | AH17: 0.074381818 | AI17: 0.074509091 | AJ17: 0.074636364 | AK17: 0.074763636 | AL17: 0.074890909 | AM17: 0.075018182 | AN17: 0.075145455 | AO17: 0.075272727 | AP17: 0.0754
B18: Others | C18: =C7*AE18 -> 314.6 | D18: =D7*AF18 -> 322.27681 | E18: =E7*AG18 -> 332.28886 | F18: =F7*AH18 -> 344.65359 | G18: =G7*AI18 -> 361.6997 | H18: =H7*AJ18 -> 382.30364 | I18: =I7*AK18 -> 406.49174 | J18: =J7*AL18 -> 437.78333 | ... N18: =N7*AP18 -> 656.90184 | O18: =((N18/H18)^(1/7)-1)*100% -> 0.080400007 | Q18: Others | R18: =(D18/C18-1)*100 -> 2.4401812 | S18: =(E18/D18-1)*100 -> 3.1066605 | T18: =(F18/E18-1)*100 -> 3.7210809 | U18: =(G18/F18-1)*100 -> 4.9458653 | V18: =(H18/G18-1)*100 -> 5.6964218 | W18: =(I18/H18-1)*100 -> 6.3269341 | X18: =(J18/I18-1)*100 -> 7.6979646 | Y18: =(K18/J18-1)*100 -> 9.0489959 | ... AB18: =(N18/M18-1)*100 -> 12.266061 | AC18: 0.05 | AD18: Others | AE18: 0.055 | AF18: 0.055090909 | AG18: 0.055181818 | AH18: 0.055272727 | AI18: 0.055363636 | AJ18: 0.055454545 | AK18: 0.055545455 | AL18: 0.055636364 | AM18: 0.055727273 | AN18: 0.055818182 | AO18: 0.055909091 | AP18: 0.056
B20: By Vertical | C20: =C7 -> 5720 | D20: =D7 -> 5849.9091 | E20: =E7 -> 6021.7091 | F20: =F7 -> 6235.5091 | G20: =G7 -> 6533.1636 | H20: =H7 -> 6894 | I20: =I7 -> 7318.1818 | J20: =J7 -> 7868.6545 | ... N20: =N7 -> 11730.39 | O20: =((N20/H20)^(1/7)-1)*100% -> 0.078890354 | Q20: By Vertical | R20: =(D20/C20-1)*100 -> 2.271138 | S20: =(E20/D20-1)*100 -> 2.9367978 | T20: =(F20/E20-1)*100 -> 3.550487 | U20: =(G20/F20-1)*100 -> 4.7735404 | V20: =(H20/G20-1)*100 -> 5.523149 | W20: =(I20/H20-1)*100 -> 6.1529129 | X20: =(J20/I20-1)*100 -> 7.5219876 | Y20: =(K20/J20-1)*100 -> 8.8711019 | ... AB20: =(N20/M20-1)*100 -> 12.083811 | AD20: By Vertical | AE20: 1 | AF20: 1 | AG20: 1 | AH20: 1 | AI20: 1 | AJ20: 1 | AK20: 1 | AL20: 1 | AM20: 1 | AN20: 1 | AO20: 1 | AP20: 1
B21: Automotive | C21: =C20*AE21 -> 952.952 | D21: =D20*AF21 -> 974.91394 | E21: =E20*AG21 -> 1003.8736 | F21: =F20*AH21 -> 1039.8562 | G21: =G20*AI21 -> 1089.8505 | H21: =H20*AJ21 -> 1150.4206 | I21: =I20*AK21 -> 1221.6041 | J21: =J20*AL21 -> 1313.9222 | ... N21: =N20*AP21 -> 1961.3212 | O21: =((N21/H21)^(1/7)-1)*100% -> 0.079192377 | Q21: Automotive | R21: =(D21/C21-1)*100 -> 2.3046219 | S21: =(E21/D21-1)*100 -> 2.9704886 | T21: =(F21/E21-1)*100 -> 3.5843677 | U21: =(G21/F21-1)*100 -> 4.80781 | V21: =(H21/G21-1)*100 -> 5.5576525 | W21: =(I21/H21-1)*100 -> 6.187611 | X21: =(J21/I21-1)*100 -> 7.5571217 | Y21: =(K21/J21-1)*100 -> 8.9066652 | ... AB21: =(N21/M21-1)*100 -> 12.120387 | AC21: 0.03 | AD21: Automotive | AE21: 0.1666 | AF21: 0.16665455 | AG21: 0.16670909 | AH21: 0.16676364 | AI21: 0.16681818 | AJ21: 0.16687273 | AK21: 0.16692727 | AL21: 0.16698182 | AM21: 0.16703636 | AN21: 0.16709091 | AO21: 0.16714545 | AP21: 0.1672
B22: Military, Defense and Aerospace | C22: =C20*AE22 -> 719.576 | D22: =D20*AF22 -> 736.29083 | E22: =E20*AG22 -> 758.2974 | F22: =F20*AH22 -> 785.61746 | G22: =G20*AI22 -> 823.53497 | H22: =H20*AJ22 -> 869.45875 | I22: =I20*AK22 -> 923.42149 | J22: =J20*AL22 -> 993.38187 | ... N22: =N20*AP22 -> 1483.8943 | O22: =((N22/H22)^(1/7)-1)*100% -> 0.079356364 | Q22: Military, Defense and Aerospace | R22: =(D22/C22-1)*100 -> 2.3228722 | S22: =(E22/D22-1)*100 -> 2.9888424 | T22: =(F22/E22-1)*100 -> 3.6028155 | U22: =(G22/F22-1)*100 -> 4.8264601 | V22: =(H22/G22-1)*100 -> 5.5764205 | W22: =(I22/H22-1)*100 -> 6.2064753 | X22: =(J22/I22-1)*100 -> 7.5762134 | Y22: =(K22/J22-1)*100 -> 8.9259804 | ... AB22: =(N22/M22-1)*100 -> 12.140223 | AC22: 0.04 | AD22: Military, Defense and Aerospace | AE22: 0.1258 | AF22: 0.12586364 | AG22: 0.12592727 | AH22: 0.12599091 | AI22: 0.12605455 | AJ22: 0.12611818 | AK22: 0.12618182 | AL22: 0.12624545 | AM22: 0.12630909 | AN22: 0.12637273 | AO22: 0.12643636 | AP22: 0.1265
B23: Consumer Electronics | C23: =C20*AE23 -> 1399.112 | D23: =D20*AF23 -> 1428.8669 | E23: =E20*AG23 -> 1468.7496 | F23: =F20*AH23 -> 1518.7433 | G23: =G20*AI23 -> 1588.9842 | H23: =H20*AJ23 -> 1674.3646 | I23: =I20*AK23 -> 1774.8587 | J23: =J20*AL23 -> 1905.6451 | ... N23: =N20*AP23 -> 2824.6779 | O23: =((N23/H23)^(1/7)-1)*100% -> 0.077570164 | Q23: Consumer Electronics | R23: =(D23/C23-1)*100 -> 2.1266979 | S23: =(E23/D23-1)*100 -> 2.791212 | T23: =(F23/E23-1)*100 -> 3.4038259 | U23: =(G23/F23-1)*100 -> 4.6249365 | V23: =(H23/G23-1)*100 -> 5.3732694 | W23: =(I23/H23-1)*100 -> 6.0019244 | X23: =(J23/I23-1)*100 -> 7.3688338 | Y23: =(K23/J23-1)*100 -> 8.7158053 | ... AB23: =(N23/M23-1)*100 -> 11.923244 | AC23: 0.01 | AD23: Consumer Electronics | AE23: 0.2446 | AF23: 0.24425455 | AG23: 0.24390909 | AH23: 0.24356364 | AI23: 0.24321818 | AJ23: 0.24287273 | AK23: 0.24252727 | AL23: 0.24218182 | AM23: 0.24183636 | AN23: 0.24149091 | AO23: 0.24114545 | AP23: 0.2408
B24: Industrial | C24: =C20*AE24 -> 660.088 | D24: =D20*AF24 -> 675.6645 | E24: =E20*AG24 -> 696.10957 | F24: =F20*AH24 -> 721.4484 | G24: =G20*AI24 -> 756.54035 | H24: =H20*AJ24 -> 799.0146 | I24: =I20*AK24 -> 848.90909 | J24: =J20*AL24 -> 913.55079 | ... N24: =N20*AP24 -> 1366.5904 | O24: =((N24/H24)^(1/7)-1)*100% -> 0.079686487 | Q24: Industrial | R24: =(D24/C24-1)*100 -> 2.3597611 | S24: =(E24/D24-1)*100 -> 3.0259205 | T24: =(F24/E24-1)*100 -> 3.6400636 | U24: =(G24/F24-1)*100 -> 4.8640966 | V24: =(H24/G24-1)*100 -> 5.6142744 | W24: =(I24/H24-1)*100 -> 6.244503 | X24: =(J24/I24-1)*100 -> 7.6146789 | Y24: =(K24/J24-1)*100 -> 8.9648755 | ... AB24: =(N24/M24-1)*100 -> 12.180102 | AC24: 0.05 | AD24: Industrial | AE24: 0.1154 | AF24: 0.1155 | AG24: 0.1156 | AH24: 0.1157 | AI24: 0.1158 | AJ24: 0.1159 | AK24: 0.116 | AL24: 0.1161 | AM24: 0.1162 | AN24: 0.1163 | AO24: 0.1164 | AP24: 0.1165
B25: Healthcare and Medical | C25: =C20*AE25 -> 1037.608 | D25: =D20*AF25 -> 1060.429 | E25: =E20*AG25 -> 1090.8052 | F25: =F20*AH25 -> 1128.7405 | G25: =G20*AI25 -> 1181.7899 | H25: =H20*AJ25 -> 1246.1845 | I25: =I20*AK25 -> 1321.9298 | J25: =J20*AL25 -> 1420.3637 | ... N25: =N20*AP25 -> 2111.4702 | O25: =((N25/H25)^(1/7)-1)*100% -> 0.078238062 | Q25: Healthcare and Medical | R25: =(D25/C25-1)*100 -> 2.1993831 | S25: =(E25/D25-1)*100 -> 2.8645252 | T25: =(F25/E25-1)*100 -> 3.4777325 | U25: =(G25/F25-1)*100 -> 4.6998748 | V25: =(H25/G25-1)*100 -> 5.4489042 | W25: =(I25/H25-1)*100 -> 6.0781724 | X25: =(J25/I25-1)*100 -> 7.4462298 | Y25: =(K25/J25-1)*100 -> 8.7943394 | ... AB25: =(N25/M25-1)*100 -> 12.004615 | AC25: 0.02 | AD25: Healthcare and Medical | AE25: 0.1814 | AF25: 0.18127273 | AG25: 0.18114545 | AH25: 0.18101818 | AI25: 0.18089091 | AJ25: 0.18076364 | AK25: 0.18063636 | AL25: 0.18050909 | AM25: 0.18038182 | AN25: 0.18025455 | AO25: 0.18012727 | AP25: 0.18
B26: Energy and Power | C26: =C20*AE26 -> 564.564 | D26: =D20*AF26 -> 578.07738 | E26: =E20*AG26 -> 595.766 | F26: =F20*AH26 -> 617.65552 | G26: =G20*AI26 -> 647.91166 | H26: =H20*AJ26 -> 684.51153 | I26: =I20*AK26 -> 727.4938 | J26: =J20*AL26 -> 783.14573 | ... N26: =N20*AP26 -> 1173.039 | O26: =((N26/H26)^(1/7)-1)*100% -> 0.079987707 | Q26: Energy and Power | R26: =(D26/C26-1)*100 -> 2.3935958 | S26: =(E26/D26-1)*100 -> 3.0599053 | T26: =(F26/E26-1)*100 -> 3.6741805 | U26: =(G26/F26-1)*100 -> 4.8985455 | V26: =(H26/G26-1)*100 -> 5.6488985 | W26: =(I26/H26-1)*100 -> 6.2792623 | X26: =(J26/I26-1)*100 -> 7.6498144 | Y26: =(K26/J26-1)*100 -> 9.0003789 | ... AB26: =(N26/M26-1)*100 -> 12.21643 | AC26: 0.06 | AD26: Energy and Power | AE26: 0.0987 | AF26: 0.098818182 | AG26: 0.098936364 | AH26: 0.099054545 | AI26: 0.099172727 | AJ26: 0.099290909 | AK26: 0.099409091 | AL26: 0.099527273 | AM26: 0.099645455 | AN26: 0.099763636 | AO26: 0.099881818 | AP26: 0.1
B27: Others | C27: =C20*AE27 -> 386.1 | D27: =D20*AF27 -> 395.66658 | E27: =E20*AG27 -> 408.10765 | F27: =F20*AH27 -> 423.44775 | G27: =G20*AI27 -> 444.55209 | H27: =H20*AJ27 -> 470.04545 | I27: =I20*AK27 -> 499.96488 | J27: =J20*AL27 -> 538.64517 | ... N27: =N20*AP27 -> 809.39691 | O27: =((N27/H27)^(1/7)-1)*100% -> 0.080730439 | Q27: Others | R27: =(D27/C27-1)*100 -> 2.4777463 | S27: =(E27/D27-1)*100 -> 3.1443316 | T27: =(F27/E27-1)*100 -> 3.7588381 | U27: =(G27/F27-1)*100 -> 4.983929 | V27: =(H27/G27-1)*100 -> 5.7346183 | W27: =(I27/H27-1)*100 -> 6.3652188 | X27: =(J27/I27-1)*100 -> 7.7366023 | Y27: =(K27/J27-1)*100 -> 9.0879766 | ... AB27: =(N27/M27-1)*100 -> 12.305759 | AC27: 0.07 | AD27: Others | AE27: 0.0675 | AF27: 0.067636364 | AG27: 0.067772727 | AH27: 0.067909091 | AI27: 0.068045455 | AJ27: 0.068181818 | AK27: 0.068318182 | AL27: 0.068454545 | AM27: 0.068590909 | AN27: 0.068727273 | AO27: 0.068863636 | AP27: 0.069
B29: By Country | C29: =C7 -> 5720 | D29: =D7 -> 5849.9091 | E29: =E7 -> 6021.7091 | F29: =F7 -> 6235.5091 | G29: =G7 -> 6533.1636 | H29: =H7 -> 6894 | I29: =I7 -> 7318.1818 | J29: =J7 -> 7868.6545 | ... N29: =N7 -> 11730.39 | O29: =((N29/H29)^(1/7)-1)*100% -> 0.078890354 | Q29: By Country | R29: =(D29/C29-1)*100 -> 2.271138 | S29: =(E29/D29-1)*100 -> 2.9367978 | T29: =(F29/E29-1)*100 -> 3.550487 | U29: =(G29/F29-1)*100 -> 4.7735404 | V29: =(H29/G29-1)*100 -> 5.523149 | W29: =(I29/H29-1)*100 -> 6.1529129 | X29: =(J29/I29-1)*100 -> 7.5219876 | Y29: =(K29/J29-1)*100 -> 8.8711019 | ... AB29: =(N29/M29-1)*100 -> 12.083811 | AD29: By Country | AE29: 1 | AF29: 1 | AG29: 1 | AH29: 1 | AI29: 1 | AJ29: 1 | AK29: 1 | AL29: 1 | AM29: 1 | AN29: 1 | AO29: 1 | AP29: 1
B30: China | C30: =C29*AE30 -> 975.26 | D30: =D29*AF30 -> 993.84637 | E30: =E29*AG30 -> 1019.3659 | F30: =F29*AH30 -> 1051.7603 | G30: =G29*AI30 -> 1097.9872 | H30: =H29*AJ30 -> 1154.4316 | I30: =I29*AK30 -> 1221.0054 | J30: =J29*AL30 -> 1308.0565 | ... N30: =N29*AP30 -> 1921.4379 | O30: =((N30/H30)^(1/7)-1)*100% -> 0.075494773 | Q30: China | R30: =(D30/C30-1)*100 -> 1.9057865 | S30: =(E30/D30-1)*100 -> 2.56775 | T30: =(F30/E30-1)*100 -> 3.1779032 | U30: =(G30/F30-1)*100 -> 4.3951946 | V30: =(H30/G30-1)*100 -> 5.1407154 | W30: =(I30/H30-1)*100 -> 5.7667976 | X30: =(J30/I30-1)*100 -> 7.1294647 | Y30: =(K30/J30-1)*100 -> 8.4721976 | ... AB30: =(N30/M30-1)*100 -> 11.668571 | AC30: 0.01 | AD30: China | AE30: 0.1705 | AF30: 0.16989091 | AG30: 0.16928182 | AH30: 0.16867273 | AI30: 0.16806364 | AJ30: 0.16745455 | AK30: 0.16684545 | AL30: 0.16623636 | AM30: 0.16562727 | AN30: 0.16501818 | AO30: 0.16440909 | AP30: 0.1638
B31: India | C31: =C29*AE31 -> 760.76 | D31: =D29*AF31 -> 779.10153 | E31: =E29*AG31 -> 803.07702 | F31: =F29*AH31 -> 832.7239 | G31: =G29*AI31 -> 873.66216 | H31: =H29*AJ31 -> 923.16927 | I31: =I29*AK31 -> 981.30165 | J31: =J29*AL31 -> 1056.5457 | ... N31: =N29*AP31 -> 1583.6027 | O31: =((N31/H31)^(1/7)-1)*100% -> 0.080141611 | Q31: India | R31: =(D31/C31-1)*100 -> 2.4109481 | S31: =(E31/D31-1)*100 -> 3.0773258 | T31: =(F31/E31-1)*100 -> 3.6916602 | U31: =(G31/F31-1)*100 -> 4.9161865 | V31: =(H31/G31-1)*100 -> 5.6666203 | W31: =(I31/H31-1)*100 -> 6.2970445 | X31: =(J31/I31-1)*100 -> 7.6677801 | Y31: =(K31/J31-1)*100 -> 9.0185238 | ... AB31: =(N31/M31-1)*100 -> 12.234969 | AC31: 0.04 | AD31: India | AE31: 0.133 | AF31: 0.13318182 | AG31: 0.13336364 | AH31: 0.13354545 | AI31: 0.13372727 | AJ31: 0.13390909 | AK31: 0.13409091 | AL31: 0.13427273 | AM31: 0.13445455 | AN31: 0.13463636 | AO31: 0.13481818 | AP31: 0.135
B32: South Korea | C32: =C29*AE32 -> 858 | D32: =D29*AF32 -> 877.75227 | E32: =E29*AG32 -> 903.80379 | F32: =F29*AH32 -> 936.17666 | G32: =G29*AI32 -> 981.16239 | H32: =H29*AJ32 -> 1035.6668 | I32: =I29*AK32 -> 1099.7231 | J32: =J29*AL32 -> 1182.8018 | ... N32: =N29*AP32 -> 1765.4237 | O32: =((N32/H32)^(1/7)-1)*100% -> 0.079169944 | Q32: South Korea | R32: =(D32/C32-1)*100 -> 2.3021292 | S32: =(E32/D32-1)*100 -> 2.9679813 | T32: =(F32/E32-1)*100 -> 3.581847 | U32: =(G32/F32-1)*100 -> 4.8052611 | V32: =(H32/G32-1)*100 -> 5.555087 | W32: =(I32/H32-1)*100 -> 6.1850318 | X32: =(J32/I32-1)*100 -> 7.5545109 | Y32: =(K32/J32-1)*100 -> 8.9040233 | ... AB32: =(N32/M32-1)*100 -> 12.117673 | AC32: 0.03 | AD32: South Korea | AE32: 0.15 | AF32: 0.15004545 | AG32: 0.15009091 | AH32: 0.15013636 | AI32: 0.15018182 | AJ32: 0.15022727 | AK32: 0.15027273 | AL32: 0.15031818 | AM32: 0.15036364 | AN32: 0.15040909 | AO32: 0.15045455 | AP32: 0.1505
B33: Japan | C33: =C29*AE33 -> 929.5 | D33: =D29*AF33 -> 949.2807 | E33: =E29*AG33 -> 975.79059 | F33: =F29*AH33 -> 1009.0187 | G33: =G29*AI33 -> 1055.6999 | H33: =H29*AJ33 -> 1112.4409 | I33: =I29*AK33 -> 1179.2252 | J33: =J29*AL33 -> 1266.138 | ... N33: =N29*AP33 -> 1876.8624 | O33: =((N33/H33)^(1/7)-1)*100% -> 0.077583129 | Q33: Japan | R33: =(D33/C33-1)*100 -> 2.1281014 | S33: =(E33/D33-1)*100 -> 2.7926286 | T33: =(F33/E33-1)*100 -> 3.4052549 | U33: =(G33/F33-1)*100 -> 4.6263865 | V33: =(H33/G33-1)*100 -> 5.3747339 | W33: =(I33/H33-1)*100 -> 6.0034018 | X33: =(J33/I33-1)*100 -> 7.3703346 | Y33: =(K33/J33-1)*100 -> 8.7173292 | ... AB33: =(N33/M33-1)*100 -> 11.924826 | AC33: 0.02 | AD33: Japan | AE33: 0.1625 | AF33: 0.16227273 | AG33: 0.16204545 | AH33: 0.16181818 | AI33: 0.16159091 | AJ33: 0.16136364 | AK33: 0.16113636 | AL33: 0.16090909 | AM33: 0.16068182 | AN33: 0.16045455 | AO33: 0.16022727 | AP33: 0.16
B34: Australia | C34: =C29*AE34 -> 337.48 | D34: =D29*AF34 -> 345.94235 | E34: =E29*AG34 -> 356.92312 | F34: =F29*AH34 -> 370.44593 | G34: =G29*AI34 -> 389.0202 | H34: =H29*AJ34 -> 411.44645 | I34: =I29*AK34 -> 437.76033 | J34: =J29*AL34 -> 471.76161 | ... N34: =N29*AP34 -> 709.68859 | O34: =((N34/H34)^(1/7)-1)*100% -> 0.080990984 | Q34: Australia | R34: =(D34/C34-1)*100 -> 2.5075119 | S34: =(E34/D34-1)*100 -> 3.1741616 | T34: =(F34/E34-1)*100 -> 3.7887167 | U34: =(G34/F34-1)*100 -> 5.0140305 | V34: =(H34/G34-1)*100 -> 5.7648051 | W34: =(I34/H34-1)*100 -> 6.3954558 | X34: =(J34/I34-1)*100 -> 7.7670985 | Y34: =(K34/J34-1)*100 -> 9.1187238 | ... AB34: =(N34/M34-1)*100 -> 12.337012 | AC34: 0.08 | AD34: Australia | AE34: 0.059 | AF34: 0.059136364 | AG34: 0.059272727 | AH34: 0.059409091 | AI34: 0.059545455 | AJ34: 0.059681818 | AK34: 0.059818182 | AL34: 0.059954545 | AM34: 0.060090909 | AN34: 0.060227273 | AO34: 0.060363636 | AP34: 0.0605
B35: New Zealand | C35: =C29*AE35 -> 286 | D35: =D29*AF35 -> 292.97408 | E35: =E29*AG35 -> 302.07083 | F35: =F29*AH35 -> 313.30599 | G35: =G29*AI35 -> 328.79631 | H35: =H29*AJ35 -> 347.52027 | I35: =I29*AK35 -> 369.50165 | J35: =J29*AL35 -> 397.93932 | ... N35: =N29*AP35 -> 597.07685 | O35: =((N35/H35)^(1/7)-1)*100% -> 0.080385095 | Q35: New Zealand | R35: =(D35/C35-1)*100 -> 2.4384907 | S35: =(E35/D35-1)*100 -> 3.1049646 | T35: =(F35/E35-1)*100 -> 3.7193805 | U35: =(G35/F35-1)*100 -> 4.9441505 | V35: =(H35/G35-1)*100 -> 5.6947004 | W35: =(I35/H35-1)*100 -> 6.325208 | X35: =(J35/I35-1)*100 -> 7.696222 | Y35: =(K35/J35-1)*100 -> 9.0472371 | ... AB35: =(N35/M35-1)*100 -> 12.264267 | AC35: 0.09 | AD35: New Zealand | AE35: 0.05 | AF35: 0.050081818 | AG35: 0.050163636 | AH35: 0.050245455 | AI35: 0.050327273 | AJ35: 0.050409091 | AK35: 0.050490909 | AL35: 0.050572727 | AM35: 0.050654545 | AN35: 0.050736364 | AO35: 0.050818182 | AP35: 0.0509
B36: Singapore | C36: =C29*AE36 -> 400.4 | D36: =D29*AF36 -> 409.81272 | E36: =E29*AG36 -> 422.17655 | F36: =F29*AH36 -> 437.50599 | G36: =G29*AI36 -> 458.74687 | H36: =H29*AJ36 -> 484.46018 | I36: =I29*AK36 -> 514.66777 | J36: =J29*AL36 -> 553.81021 | ... N36: =N29*AP36 -> 828.16553 | O36: =((N36/H36)^(1/7)-1)*100% -> 0.079606724 | Q36: Singapore | R36: =(D36/C36-1)*100 -> 2.3508297 | S36: =(E36/D36-1)*100 -> 3.0169458 | T36: =(F36/E36-1)*100 -> 3.6310502 | U36: =(G36/F36-1)*100 -> 4.8549917 | V36: =(H36/G36-1)*100 -> 5.6051194 | W36: =(I36/H36-1)*100 -> 6.2353085 | X36: =(J36/I36-1)*100 -> 7.6053811 | Y36: =(K36/J36-1)*100 -> 8.9554763 | ... AB36: =(N36/M36-1)*100 -> 12.170473 | AC36: 0.07 | AD36: Singapore | AE36: 0.07 | AF36: 0.070054545 | AG36: 0.070109091 | AH36: 0.070163636 | AI36: 0.070218182 | AJ36: 0.070272727 | AK36: 0.070327273 | AL36: 0.070381818 | AM36: 0.070436364 | AN36: 0.070490909 | AO36: 0.070545455 | AP36: 0.0706
B37: Malaysia | C37: =C29*AE37 -> 514.8 | D37: =D29*AF37 -> 527.23635 | E37: =E29*AG37 -> 543.48662 | F37: =F29*AH37 -> 563.57665 | G37: =G29*AI37 -> 591.3107 | H37: =H29*AJ37 -> 624.84709 | I37: =I29*AK37 -> 664.22479 | J37: =J29*AL37 -> 715.18916 | ... N37: =N29*AP37 -> 1072.1576 | O37: =((N37/H37)^(1/7)-1)*100% -> 0.080184254 | Q37: Malaysia | R37: =(D37/C37-1)*100 -> 2.4157638 | S37: =(E37/D37-1)*100 -> 3.0821594 | T37: =(F37/E37-1)*100 -> 3.6965091 | U37: =(G37/F37-1)*100 -> 4.9210791 | V37: =(H37/G37-1)*100 -> 5.6715343 | W37: =(I37/H37-1)*100 -> 6.3019742 | X37: =(J37/I37-1)*100 -> 7.6727596 | Y37: =(K37/J37-1)*100 -> 9.0235519 | ... AB37: =(N37/M37-1)*100 -> 12.240103 | AC37: 0.06 | AD37: Malaysia | AE37: 0.09 | AF37: 0.090127273 | AG37: 0.090254545 | AH37: 0.090381818 | AI37: 0.090509091 | AJ37: 0.090636364 | AK37: 0.090763636 | AL37: 0.090890909 | AM37: 0.091018182 | AN37: 0.091145455 | AO37: 0.091272727 | AP37: 0.0914
B38: Rest of Asia Pacific | C38: =C29*AE38 -> 657.8 | D38: =D29*AF38 -> 673.96271 | E38: =E29*AG38 -> 695.01471 | F38: =F29*AH38 -> 720.99491 | G38: =G29*AI38 -> 756.77792 | H38: =H29*AJ38 -> 800.01736 | I38: =I29*AK38 -> 850.7719 | J38: =J29*AL38 -> 916.41212 | ... N38: =N29*AP38 -> 1375.9747 | O38: =((N38/H38)^(1/7)-1)*100% -> 0.080548925 | Q38: Rest of Asia Pacific | R38: =(D38/C38-1)*100 -> 2.4570855 | S38: =(E38/D38-1)*100 -> 3.1236159 | T38: =(F38/E38-1)*100 -> 3.7380785 | U38: =(G38/F38-1)*100 -> 4.9630043 | V38: =(H38/G38-1)*100 -> 5.713624 | W38: =(I38/H38-1)*100 -> 6.3441795 | X38: =(J38/I38-1)*100 -> 7.7153724 | Y38: =(K38/J38-1)*100 -> 9.0665617 | ... AB38: =(N38/M38-1)*100 -> 12.28396 | AC38: 0.05 | AD38: Rest of Asia Pacific | AE38: 0.115 | AF38: 0.11520909 | AG38: 0.11541818 | AH38: 0.11562727 | AI38: 0.11583636 | AJ38: 0.11604545 | AK38: 0.11625455 | AL38: 0.11646364 | AM38: 0.11667273 | AN38: 0.11688182 | AO38: 0.11709091 | AP38: 0.1173
AJ42: 2023 | AK42: 2030
AI43: =AD8 -> Flexible Electronics | AJ43: =AI8 -> 0.54490909 | AK43: =AP8 -> 0.543
AI44: =AD13 -> Flexible Circuit | AJ44: =AI13 -> 0.45509091 | AK44: =AO13 -> 0.45672727
AJ65: 2023 | AK65: 2030
AI66: =AD21 -> Automotive | AJ66: =AI21 -> 0.16681818 | AK66: =AP21 -> 0.1672
AI67: =AD22 -> Military, Defense and Aerospace | AJ67: =AI22 -> 0.12605455 | AK67: =AP22 -> 0.1265
AI68: =AD23 -> Consumer Electronics | AJ68: =AI23 -> 0.24321818 | AK68: =AP23 -> 0.2408
AI69: =AD24 -> Industrial | AJ69: =AI24 -> 0.1158 | AK69: =AP24 -> 0.1165
AI70: =AD25 -> Healthcare and Medical | AJ70: =AI25 -> 0.18089091 | AK70: =AP25 -> 0.18
AI71: =AD26 -> Energy and Power | AJ71: =AI26 -> 0.099172727 | AK71: =AP26 -> 0.1
AI72: =AD27 -> Others | AJ72: =AI27 -> 0.068045455 | AK72: =AP27 -> 0.069
AJ81: 2023 | AK81: 2030
AI82: =AD30 -> China | AJ82: =AI30 -> 0.16806364 | AK82: =AP30 -> 0.1638
AI83: =AD31 -> India | AJ83: =AI31 -> 0.13372727 | AK83: =AP31 -> 0.135
AI84: =AD32 -> South Korea | AJ84: =AI32 -> 0.15018182 | AK84: =AP32 -> 0.1505
AI85: =AD33 -> Japan | AJ85: =AI33 -> 0.16159091 | AK85: =AP33 -> 0.16
AI86: =AD34 -> Australia | AJ86: =AI34 -> 0.059545455 | AK86: =AP34 -> 0.0605
AI87: =AD35 -> New Zealand | AJ87: =AI35 -> 0.050327273 | AK87: =AP35 -> 0.0509
AI88: =AD36 -> Singapore | AJ88: =AI36 -> 0.070218182 | AK88: =AP36 -> 0.0706
AI89: =AD37 -> Malaysia | AJ89: =AI37 -> 0.090509091 | AK89: =AP37 -> 0.0914
AI90: =AD38 -> Rest of Asia Pacific | AJ90: =AI38 -> 0.11583636 | AK90: =AP38 -> 0.1173

Sheet Latin America
B4: Latin America Flexible Electronics and Circuit Market | D4: Market Value (US$ Million) | Q4: Latin America Flexible Electronics and Circuit Market | S4: Market Y-o-Y Growth (%) | AD4: Latin America Flexible Electronics and Circuit Market | AF4: Market Share (%)
C5: 2019 | D5: 2020 | E5: 2021 | F5: 2022 | G5: 2023 | H5: 2024 | I5: 2025 | J5: 2026 | K5: 2027 | L5: 2028 | M5: 2029 | N5: 2030 | O5: CAGR (2023-2030) % | R5: 2020 | S5: 2021 | T5: 2022 | U5: 2023 | V5: 2024 | W5: 2025 | X5: 2026 | Y5: 2027 | Z5: 2028 | AA5: 2029 | AB5: 2030 | AE5: 2019 | AF5: 2020 | AG5: 2021 | AH5: 2022 | AI5: 2023 | AJ5: 2024 | AK5: 2025 | AL5: 2026 | AM5: 2027 | AN5: 2028 | AO5: 2029 | AP5: 2030
B7: By Type | C7: =Global!C33 -> 3575 | D7: =Global!D33 -> 3659.3864 | E7: =Global!E33 -> 3770.1364 | F7: =Global!F33 -> 3907.3864 | G7: =Global!G33 -> 4097.4545 | H7: =Global!H33 -> 4327.5 | I7: =Global!I33 -> 4597.7273 | J7: =Global!J33 -> 4947.8182 | ... N7: =Global!N33 -> 7401.3175 | O7: =((N7/H7)^(1/7)-1)*100% -> 0.079682331 | Q7: By Type | R7: =(D7/C7-1)*100 -> 2.3604577 | S7: =(E7/D7-1)*100 -> 3.0264637 | T7: =(F7/E7-1)*100 -> 3.6404519 | U7: =(G7/F7-1)*100 -> 4.8643304 | V7: =(H7/G7-1)*100 -> 5.6143504 | W7: =(I7/H7-1)*100 -> 6.2444199 | X7: =(J7/I7-1)*100 -> 7.614434 | Y7: =(K7/J7-1)*100 -> 8.9644655 | ... AB7: =(N7/M7-1)*100 -> 12.179185 | AD7: By Type | AE7: 1 | AF7: 1 | AG7: 1 | AH7: 1 | AI7: 1 | AJ7: 1 | AK7: 1 | AL7: 1 | AM7: 1 | AN7: 1 | AO7: 1 | AP7: 1
B8: Flexible Electronics | C8: =C7*AE8 -> 1859 | D8: =D7*AF8 -> 1900.8849 | E8: =E7*AG8 -> 1956.358 | F8: =F7*AH8 -> 2025.447 | G8: =G7*AI8 -> 2121.7365 | H8: =H7*AJ8 -> 2238.4977 | I8: =I7*AK8 -> 2375.7711 | J8: =J7*AL8 -> 2553.9738 | ... N8: =N7*AP8 -> 3804.2772 | O8: =((N8/H8)^(1/7)-1)*100% -> 0.078703813 | Q8: Flexible Electronics | R8: =(D8/C8-1)*100 -> 2.2530866 | S8: =(E8/D8-1)*100 -> 2.9182805 | T8: =(F8/E8-1)*100 -> 3.5315096 | U8: =(G8/F8-1)*100 -> 4.7539856 | V8: =(H8/G8-1)*100 -> 5.5030993 | W8: =(I8/H8-1)*100 -> 6.1323872 | X8: =(J8/I8-1)*100 -> 7.5008368 | Y8: =(K8/J8-1)*100 -> 8.8493217 | ... AB8: =(N8/M8-1)*100 -> 12.060268 | AC8: 0.01 | AD8: Flexible Electronics | AE8: 0.52 | AF8: 0.51945455 | AG8: 0.51890909 | AH8: 0.51836364 | AI8: 0.51781818 | AJ8: 0.51727273 | AK8: 0.51672727 | AL8: 0.51618182 | AM8: 0.51563636 | AN8: 0.51509091 | AO8: 0.51454545 | AP8: 0.514
B9: Flexible Displays | C9: =C7*AE9 -> 695.3375 | D9: =D7*AF9 -> 710.25363 | E9: =E7*AG9 -> 730.20687 | F9: =F7*AH9 -> 755.19122 | G9: =G7*AI9 -> 790.24998 | H9: =H7*AJ9 -> 832.84705 | I9: =I7*AK9 -> 882.97262 | J9: =J7*AL9 -> 948.18188 | ... N9: =N7*AP9 -> 1406.2503 | O9: =((N9/H9)^(1/7)-1)*100% -> 0.077704327 | Q9: Flexible Displays | R9: =(D9/C9-1)*100 -> 2.1451635 | S9: =(E9/D9-1)*100 -> 2.8093119 | T9: =(F9/E9-1)*100 -> 3.4215446 | U9: =(G9/F9-1)*100 -> 4.6423692 | V9: =(H9/G9-1)*100 -> 5.3903275 | W9: =(I9/H9-1)*100 -> 6.0185815 | X9: =(J9/I9-1)*100 -> 7.3851962 | Y9: =(K9/J9-1)*100 -> 8.7318564 | ... AB9: =(N9/M9-1)*100 -> 11.93817 | AC9: 0.01 | AD9: Flexible Displays | AE9: 0.1945 | AF9: 0.19409091 | AG9: 0.19368182 | AH9: 0.19327273 | AI9: 0.19286364 | AJ9: 0.19245455 | AK9: 0.19204545 | AL9: 0.19163636 | AM9: 0.19122727 | AN9: 0.19081818 | AO9: 0.19040909 | AP9: 0.19
B10: Flexible Batteries | C10: =C7*AE10 -> 382.525 | D10: =D7*AF10 -> 391.72068 | E10: =E7*AG10 -> 403.74733 | F10: =F7*AH10 -> 418.62317 | G10: =G7*AI10 -> 439.17263 | H10: =H7*AJ10 -> 464.02602 | I10: =I7*AK10 -> 493.21074 | J10: =J7*AL10 -> 530.99085 | ... N10: =N7*AP10 -> 795.64163 | O10: =((N10/H10)^(1/7)-1)*100% -> 0.080074206 | Q10: Flexible Batteries | R10: =(D10/C10-1)*100 -> 2.4039414 | S10: =(E10/D10-1)*100 -> 3.0702117 | T10: =(F10/E10-1)*100 -> 3.6844419 | U10: =(G10/F10-1)*100 -> 4.908821 | V10: =(H10/G10-1)*100 -> 5.6591402 | W10: =(I10/H10-1)*100 -> 6.2894578 | X10: =(J10/I10-1)*100 -> 7.6600333 | Y10: =(K10/J10-1)*100 -> 9.0106173 | ... AB10: =(N10/M10-1)*100 -> 12.226638 | AC10: 0.03 | AD10: Flexible Batteries | AE10: 0.107 | AF10: 0.10704545 | AG10: 0.10709091 | AH10: 0.10713636 | AI10: 0.10718182 | AJ10: 0.10722727 | AK10: 0.10727273 | AL10: 0.10731818 | AM10: 0.10736364 | AN10: 0.10740909 | AO10: 0.10745455 | AP10: 0.1075
B11: Flexible Sensors | C11: =C7*AE11 -> 420.0625 | D11: =D7*AF11 -> 429.14622 | E11: =E7*AG11 -> 441.27732 | F11: =F7*AH11 -> 456.45377 | G11: =G7*AI11 -> 477.72595 | H11: =H7*AJ11 -> 503.56364 | I11: =I7*AK11 -> 533.96333 | J11: =J7*AL11 -> 573.49711 | ... N11: =N7*AP11 -> 851.15151 | O11: =((N11/H11)^(1/7)-1)*100% -> 0.077865682 | Q11: Flexible Sensors | R11: =(D11/C11-1)*100 -> 2.1624684 | S11: =(E11/D11-1)*100 -> 2.8268 | T11: =(F11/E11-1)*100 -> 3.4392083 | U11: =(G11/F11-1)*100 -> 4.6603142 | V11: =(H11/G11-1)*100 -> 5.4084744 | W11: =(I11/H11-1)*100 -> 6.0369113 | X11: =(J11/I11-1)*100 -> 7.4038382 | Y11: =(K11/J11-1)*100 -> 8.7508097 | ... AB11: =(N11/M11-1)*100 -> 11.957925 | AC11: 0.02 | AD11: Flexible Sensors | AE11: 0.1175 | AF11: 0.11727273 | AG11: 0.11704545 | AH11: 0.11681818 | AI11: 0.11659091 | AJ11: 0.11636364 | AK11: 0.11613636 | AL11: 0.11590909 | AM11: 0.11568182 | AN11: 0.11545455 | AO11: 0.11522727 | AP11: 0.115
B12: Flexible Memory | C12: =C7*AE12 -> 361.075 | D12: =D7*AF12 -> 369.76436 | E12: =E7*AG12 -> 381.12651 | F12: =F7*AH12 -> 395.17885 | G12: =G7*AI12 -> 414.5879 | H12: =H7*AJ12 -> 438.06102 | I12: =I7*AK12 -> 465.62438 | J12: =J7*AL12 -> 501.30394 | ... N12: =N7*AP12 -> 751.23373 | O12: =((N12/H12)^(1/7)-1)*100% -> 0.080097407 | Q12: Flexible Memory | R12: =(D12/C12-1)*100 -> 2.4065245 | S12: =(E12/D12-1)*100 -> 3.0728094 | T12: =(F12/E12-1)*100 -> 3.6870528 | U12: =(G12/F12-1)*100 -> 4.9114604 | V12: =(H12/G12-1)*100 -> 5.6617962 | W12: =(I12/H12-1)*100 -> 6.2921274 | X12: =(J12/I12-1)*100 -> 7.6627349 | Y12: =(K12/J12-1)*100 -> 9.0133504 | ... AB12: =(N12/M12-1)*100 -> 12.229445 | AC12: 0.04 | AD12: Flexible Memory | AE12: 0.101 | AF12: 0.10104545 | AG12: 0.10109091 | AH12: 0.10113636 | AI12: 0.10118182 | AJ12: 0.10122727 | AK12: 0.10127273 | AL12: 0.10131818 | AM12: 0.10136364 | AN12: 0.10140909 | AO12: 0.10145455 | AP12: 0.1015
B13: Flexible Circuit | C13: =C7*AE13 -> 1716 | D13: =D7*AF13 -> 1758.5015 | E13: =E7*AG13 -> 1813.7783 | F13: =F7*AH13 -> 1881.9394 | G13: =G7*AI13 -> 1975.7181 | H13: =H7*AJ13 -> 2089.0023 | I13: =I7*AK13 -> 2221.9562 | J13: =J7*AL13 -> 2393.8444 | ... N13: =N7*AP13 -> 3597.0403 | O13: =((N13/H13)^(1/7)-1)*100% -> 0.080725002 | Q13: Flexible Circuit | R13: =(D13/C13-1)*100 -> 2.4767764 | S13: =(E13/D13-1)*100 -> 3.1434063 | T13: =(F13/E13-1)*100 -> 3.7579581 | U13: =(G13/F13-1)*100 -> 4.9830895 | V13: =(H13/G13-1)*100 -> 5.7338236 | W13: =(I13/H13-1)*100 -> 6.3644701 | X13: =(J13/I13-1)*100 -> 7.735895 | Y13: =(K13/J13-1)*100 -> 9.0873116 | ... AB13: =(N13/M13-1)*100 -> 12.305229 | AC13: 0.02 | AD13: Flexible Circuit | AE13: 0.48 | AF13: 0.48054545 | AG13: 0.48109091 | AH13: 0.48163636 | AI13: 0.48218182 | AJ13: 0.48272727 | AK13: 0.48327273 | AL13: 0.48381818 | AM13: 0.48436364 | AN13: 0.48490909 | AO13: 0.48545455 | AP13: 0.486
B14: Single Sided Flex Circuit | C14: =C7*AE14 -> 429 | D14: =D7*AF14 -> 439.75844 | E14: =E7*AG14 -> 453.71877 | F14: =F7*AH14 -> 470.9111 | G14: =G7*AI14 -> 494.52551 | H14: =H7*AJ14 -> 523.03739 | I14: =I7*AK14 -> 556.49219 | J14: =J7*AL14 -> 599.72054 | ... N14: =N7*AP14 -> 902.2206 | O14: =((N14/H14)^(1/7)-1)*100% -> 0.081000053 | Q14: Single Sided Flex Circuit | R14: =(D14/C14-1)*100 -> 2.5077947 | S14: =(E14/D14-1)*100 -> 3.1745462 | T14: =(F14/E14-1)*100 -> 3.7892031 | U14: =(G14/F14-1)*100 -> 5.0146225 | V14: =(H14/G14-1)*100 -> 5.7655008 | W14: =(I14/H14-1)*100 -> 6.3962548 | X14: =(J14/I14-1)*100 -> 7.7680073 | Y14: =(K14/J14-1)*100 -> 9.1197438 | ... AB14: =(N14/M14-1)*100 -> 12.338364 | AC14: 0.02 | AD14: Single Sided Flex Circuit | AE14: 0.12 | AF14: 0.12017273 | AG14: 0.12034545 | AH14: 0.12051818 | AI14: 0.12069091 | AJ14: 0.12086364 | AK14: 0.12103636 | AL14: 0.12120909 | AM14: 0.12138182 | AN14: 0.12155455 | AO14: 0.12172727 | AP14: 0.1219
B15: Double Sided Flex Circuit | C15: =C7*AE15 -> 375.375 | D15: =D7*AF15 -> 384.56824 | E15: =E7*AG15 -> 396.5498 | F15: =F7*AH15 -> 411.34122 | G15: =G7*AI15 -> 431.72271 | H15: =H7*AJ15 -> 456.35455 | I15: =I7*AK15 -> 485.26921 | J15: =J7*AL15 -> 522.66952 | ... N15: =N7*AP15 -> 784.53966 | O15: =((N15/H15)^(1/7)-1)*100% -> 0.080478363 | Q15: Double Sided Flex Circuit | R15: =(D15/C15-1)*100 -> 2.4490815 | S15: =(E15/D15-1)*100 -> 3.1155869 | T15: =(F15/E15-1)*100 -> 3.7300288 | U15: =(G15/F15-1)*100 -> 4.9548868 | V15: =(H15/G15-1)*100 -> 5.7054758 | W15: =(I15/H15-1)*100 -> 6.33601 | X15: =(J15/I15-1)*100 -> 7.7071252 | Y15: =(K15/J15-1)*100 -> 9.0582387 | ... AB15: =(N15/M15-1)*100 -> 12.275477 | AC15: 0.03 | AD15: Double Sided Flex Circuit | AE15: 0.105 | AF15: 0.10509091 | AG15: 0.10518182 | AH15: 0.10527273 | AI15: 0.10536364 | AJ15: 0.10545455 | AK15: 0.10554545 | AL15: 0.10563636 | AM15: 0.10572727 | AN15: 0.10581818 | AO15: 0.10590909 | AP15: 0.106
B16: Multilayer Flex Circuit | C16: =C7*AE16 -> 446.875 | D16: =D7*AF16 -> 457.58963 | E16: =E7*AG16 -> 471.60979 | F16: =F7*AH16 -> 488.95612 | G16: =G7*AI16 -> 512.92681 | H16: =H7*AJ16 -> 541.92102 | I16: =I7*AK16 -> 575.96983 | J16: =J7*AL16 -> 620.05158 | ... N16: =N7*AP16 -> 928.86535 | O16: =((N16/H16)^(1/7)-1)*100% -> 0.080017931 | Q16: Multilayer Flex Circuit | R16: =(D16/C16-1)*100 -> 2.3976797 | S16: =(E16/D16-1)*100 -> 3.0639143 | T16: =(F16/E16-1)*100 -> 3.6781119 | U16: =(G16/F16-1)*100 -> 4.9024213 | V16: =(H16/G16-1)*100 -> 5.6526998 | W16: =(I16/H16-1)*100 -> 6.2829842 | X16: =(J16/I16-1)*100 -> 7.6534813 | Y16: =(K16/J16-1)*100 -> 9.0039884 | ... AB16: =(N16/M16-1)*100 -> 12.21983 | AC16: 0.01 | AD16: Multilayer Flex Circuit | AE16: 0.125 | AF16: 0.12504545 | AG16: 0.12509091 | AH16: 0.12513636 | AI16: 0.12518182 | AJ16: 0.12522727 | AK16: 0.12527273 | AL16: 0.12531818 | AM16: 0.12536364 | AN16: 0.12540909 | AO16: 0.12545455 | AP16: 0.1255
B17: Rigid Flex Circuit | C17: =C7*AE17 -> 265.98 | D17: =D7*AF17 -> 272.82389 | E17: =E7*AG17 -> 281.66346 | F17: =F7*AH17 -> 292.52115 | G17: =G7*AI17 -> 307.38359 | H17: =H7*AJ17 -> 325.30998 | I17: =I7*AK17 -> 346.33426 | J17: =J7*AL17 -> 373.47031 | ... N17: =N7*AP17 -> 563.24026 | O17: =((N17/H17)^(1/7)-1)*100% -> 0.081574938 | Q17: Rigid Flex Circuit | R17: =(D17/C17-1)*100 -> 2.5730833 | S17: =(E17/D17-1)*100 -> 3.2400291 | T17: =(F17/E17-1)*100 -> 3.8548456 | U17: =(G17/F17-1)*100 -> 5.080808 | V17: =(H17/G17-1)*100 -> 5.8319272 | W17: =(I17/H17-1)*100 -> 6.4628448 | X17: =(J17/I17-1)*100 -> 7.8352215 | Y17: =(K17/J17-1)*100 -> 9.1875651 | ... AB17: =(N17/M17-1)*100 -> 12.407465 | AC17: 0.04 | AD17: Rigid Flex Circuit | AE17: 0.0744 | AF17: 0.074554545 | AG17: 0.074709091 | AH17: 0.074863636 | AI17: 0.075018182 | AJ17: 0.075172727 | AK17: 0.075327273 | AL17: 0.075481818 | AM17: 0.075636364 | AN17: 0.075790909 | AO17: 0.075945455 | AP17: 0.0761
B18: Others | C18: =C7*AE18 -> 198.77 | D18: =D7*AF18 -> 203.76129 | E18: =E7*AG18 -> 210.23651 | F18: =F7*AH18 -> 218.20977 | G18: =G7*AI18 -> 229.15946 | H18: =H7*AJ18 -> 242.37934 | I18: =I7*AK18 -> 257.8907 | J18: =J7*AL18 -> 277.93244 | ... N18: =N7*AP18 -> 418.17444 | O18: =((N18/H18)^(1/7)-1)*100% -> 0.081029167 | Q18: Others | R18: =(D18/C18-1)*100 -> 2.5110863 | S18: =(E18/D18-1)*100 -> 3.1778495 | T18: =(F18/E18-1)*100 -> 3.7925164 | U18: =(G18/F18-1)*100 -> 5.0179652 | V18: =(H18/G18-1)*100 -> 5.7688577 | W18: =(I18/H18-1)*100 -> 6.399622 | X18: =(J18/I18-1)*100 -> 7.7714081 | Y18: =(K18/J18-1)*100 -> 9.1231773 | ... AB18: =(N18/M18-1)*100 -> 12.341869 | AC18: 0.05 | AD18: Others | AE18: 0.0556 | AF18: 0.055681818 | AG18: 0.055763636 | AH18: 0.055845455 | AI18: 0.055927273 | AJ18: 0.056009091 | AK18: 0.056090909 | AL18: 0.056172727 | AM18: 0.056254545 | AN18: 0.056336364 | AO18: 0.056418182 | AP18: 0.0565
B20: By Vertical | C20: =C7 -> 3575 | D20: =D7 -> 3659.3864 | E20: =E7 -> 3770.1364 | F20: =F7 -> 3907.3864 | G20: =G7 -> 4097.4545 | H20: =H7 -> 4327.5 | I20: =I7 -> 4597.7273 | J20: =J7 -> 4947.8182 | ... N20: =N7 -> 7401.3175 | O20: =((N20/H20)^(1/7)-1)*100% -> 0.079682331 | Q20: By Vertical | R20: =(D20/C20-1)*100 -> 2.3604577 | S20: =(E20/D20-1)*100 -> 3.0264637 | T20: =(F20/E20-1)*100 -> 3.6404519 | U20: =(G20/F20-1)*100 -> 4.8643304 | V20: =(H20/G20-1)*100 -> 5.6143504 | W20: =(I20/H20-1)*100 -> 6.2444199 | X20: =(J20/I20-1)*100 -> 7.614434 | Y20: =(K20/J20-1)*100 -> 8.9644655 | ... AB20: =(N20/M20-1)*100 -> 12.179185 | AD20: By Vertical | AE20: 1 | AF20: 1 | AG20: 1 | AH20: 1 | AI20: 1 | AJ20: 1 | AK20: 1 | AL20: 1 | AM20: 1 | AN20: 1 | AO20: 1 | AP20: 1
B21: Automotive | C21: =C20*AE21 -> 648.1475 | D21: =D20*AF21 -> 663.67962 | E21: =E20*AG21 -> 684.00556 | F21: =F20*AH21 -> 709.1551 | G21: =G20*AI21 -> 743.9115 | H21: =H20*AJ21 -> 785.95268 | I21: =I20*AK21 -> 835.32345 | J21: =J20*AL21 -> 899.24346 | ... N21: =N20*AP21 -> 1347.0398 | O21: =((N21/H21)^(1/7)-1)*100% -> 0.0800063 | Q21: Automotive | R21: =(D21/C21-1)*100 -> 2.3963863 | S21: =(E21/D21-1)*100 -> 3.0626133 | T21: =(F21/E21-1)*100 -> 3.6768042 | U21: =(G21/F21-1)*100 -> 4.9010991 | V21: =(H21/G21-1)*100 -> 5.6513691 | W21: =(I21/H21-1)*100 -> 6.2816464 | X21: =(J21/I21-1)*100 -> 7.6521273 | Y21: =(K21/J21-1)*100 -> 9.0026183 | ... AB21: =(N21/M21-1)*100 -> 12.218423 | AC21: 0.03 | AD21: Automotive | AE21: 0.1813 | AF21: 0.18136364 | AG21: 0.18142727 | AH21: 0.18149091 | AI21: 0.18155455 | AJ21: 0.18161818 | AK21: 0.18168182 | AL21: 0.18174545 | AM21: 0.18180909 | AN21: 0.18187273 | AO21: 0.18193636 | AP21: 0.182
B22: Military, Defense and Aerospace | C22: =C20*AE22 -> 493.35 | D22: =D20*AF22 -> 505.32799 | E22: =E20*AG22 -> 520.9643 | F22: =F20*AH22 -> 540.28497 | G22: =G20*AI22 -> 566.93871 | H22: =H20*AJ22 -> 599.16205 | I22: =I20*AK22 -> 636.99421 | J22: =J20*AL22 -> 685.94752 | ... N22: =N20*AP22 -> 1028.7831 | O22: =((N22/H22)^(1/7)-1)*100% -> 0.080288951 | Q22: Military, Defense and Aerospace | R22: =(D22/C22-1)*100 -> 2.4278889 | S22: =(E22/D22-1)*100 -> 3.0942889 | T22: =(F22/E22-1)*100 -> 3.7086364 | U22: =(G22/F22-1)*100 -> 4.9332747 | V22: =(H22/G22-1)*100 -> 5.6837422 | W22: =(I22/H22-1)*100 -> 6.3141799 | X22: =(J22/I22-1)*100 -> 7.6850472 | Y22: =(K22/J22-1)*100 -> 9.0359176 | ... AB22: =(N22/M22-1)*100 -> 12.252601 | AC22: 0.04 | AD22: Military, Defense and Aerospace | AE22: 0.138 | AF22: 0.13809091 | AG22: 0.13818182 | AH22: 0.13827273 | AI22: 0.13836364 | AJ22: 0.13845455 | AK22: 0.13854545 | AL22: 0.13863636 | AM22: 0.13872727 | AN22: 0.13881818 | AO22: 0.13890909 | AP22: 0.139
B23: Consumer Electronics | C23: =C20*AE23 -> 758.9725 | D23: =D20*AF23 -> 776.12258 | E23: =E20*AG23 -> 798.82335 | F23: =F20*AH23 -> 827.08713 | G23: =G20*AI23 -> 866.46264 | H23: =H20*AJ23 -> 914.20405 | I23: =I20*AK23 -> 970.32944 | J23: =J20*AL23 -> 1043.18 | ... N23: =N20*AP23 -> 1554.2767 | O23: =((N23/H23)^(1/7)-1)*100% -> 0.078764027 | Q23: Consumer Electronics | R23: =(D23/C23-1)*100 -> 2.2596445 | S23: =(E23/D23-1)*100 -> 2.9248945 | T23: =(F23/E23-1)*100 -> 3.5381766 | U23: =(G23/F23-1)*100 -> 4.7607451 | V23: =(H23/G23-1)*100 -> 5.5099211 | W23: =(I23/H23-1)*100 -> 6.1392637 | X23: =(J23/I23-1)*100 -> 7.5078162 | Y23: =(K23/J23-1)*100 -> 8.8564031 | ... AB23: =(N23/M23-1)*100 -> 12.067603 | AC23: 0.01 | AD23: Consumer Electronics | AE23: 0.2123 | AF23: 0.21209091 | AG23: 0.21188182 | AH23: 0.21167273 | AI23: 0.21146364 | AJ23: 0.21125455 | AK23: 0.21104545 | AL23: 0.21083636 | AM23: 0.21062727 | AN23: 0.21041818 | AO23: 0.21020909 | AP23: 0.21
B24: Industrial | C24: =C20*AE24 -> 437.9375 | D24: =D20*AF24 -> 448.44117 | E24: =E20*AG24 -> 462.18444 | F24: =F20*AH24 -> 479.18765 | G24: =G20*AI24 -> 502.68317 | H24: =H20*AJ24 -> 531.10227 | I24: =I20*AK24 -> 564.47552 | J24: =J20*AL24 -> 607.68203 | ... N24: =N20*AP24 -> 910.36205 | O24: =((N24/H24)^(1/7)-1)*100% -> 0.080024761 | Q24: Industrial | R24: =(D24/C24-1)*100 -> 2.3984393 | S24: =(E24/D24-1)*100 -> 3.0646783 | T24: =(F24/E24-1)*100 -> 3.6788799 | U24: =(G24/F24-1)*100 -> 4.9031978 | V24: =(H24/G24-1)*100 -> 5.6534813 | W24: =(I24/H24-1)*100 -> 6.2837697 | X24: =(J24/I24-1)*100 -> 7.6542765 | Y24: =(K24/J24-1)*100 -> 9.0047929 | ... AB24: =(N24/M24-1)*100 -> 12.220656 | AC24: 0.05 | AD24: Industrial | AE24: 0.1225 | AF24: 0.12254545 | AG24: 0.12259091 | AH24: 0.12263636 | AI24: 0.12268182 | AJ24: 0.12272727 | AK24: 0.12277273 | AL24: 0.12281818 | AM24: 0.12286364 | AN24: 0.12290909 | AO24: 0.12295455 | AP24: 0.123
B25: Healthcare and Medical | C25: =C20*AE25 -> 723.9375 | D25: =D20*AF25 -> 740.19406 | E25: =E20*AG25 -> 761.73892 | F25: =F20*AH25 -> 788.58161 | G25: =G20*AI25 -> 826.00959 | H25: =H20*AJ25 -> 871.40114 | I25: =I20*AK25 -> 924.77014 | J25: =J20*AL25 -> 994.06165 | ... N25: =N20*AP25 -> 1480.2635 | O25: =((N25/H25)^(1/7)-1)*100% -> 0.078634769 | Q25: Healthcare and Medical | R25: =(D25/C25-1)*100 -> 2.2455751 | S25: =(E25/D25-1)*100 -> 2.9107036 | T25: =(F25/E25-1)*100 -> 3.5238709 | U25: =(G25/F25-1)*100 -> 4.7462399 | V25: =(H25/G25-1)*100 -> 5.4952812 | W25: =(I25/H25-1)*100 -> 6.1245052 | X25: =(J25/I25-1)*100 -> 7.4928358 | Y25: =(K25/J25-1)*100 -> 8.8412025 | ... AB25: =(N25/M25-1)*100 -> 12.051854 | AC25: 0.02 | AD25: Healthcare and Medical | AE25: 0.2025 | AF25: 0.20227273 | AG25: 0.20204545 | AH25: 0.20181818 | AI25: 0.20159091 | AJ25: 0.20136364 | AK25: 0.20113636 | AL25: 0.20090909 | AM25: 0.20068182 | AN25: 0.20045455 | AO25: 0.20022727 | AP25: 0.2
B26: Energy and Power | C26: =C20*AE26 -> 305.305 | D26: =D20*AF26 -> 312.7112 | E26: =E20*AG26 -> 322.38093 | F26: =F20*AH26 -> 334.33019 | G26: =G20*AI26 -> 350.81661 | H26: =H20*AJ26 -> 370.74873 | I26: =I20*AK26 -> 394.15062 | J26: =J20*AL26 -> 424.43284 | ... N26: =N20*AP26 -> 636.5133 | O26: =((N26/H26)^(1/7)-1)*100% -> 0.080270572 | Q26: Energy and Power | R26: =(D26/C26-1)*100 -> 2.4258359 | S26: =(E26/D26-1)*100 -> 3.0922253 | T26: =(F26/E26-1)*100 -> 3.7065632 | U26: =(G26/F26-1)*100 -> 4.9311797 | V26: =(H26/G26-1)*100 -> 5.6816349 | W26: =(I26/H26-1)*100 -> 6.3120628 | X26: =(J26/I26-1)*100 -> 7.6829055 | Y26: =(K26/J26-1)*100 -> 9.0337519 | ... AB26: =(N26/M26-1)*100 -> 12.25038 | AC26: 0.06 | AD26: Energy and Power | AE26: 0.0854 | AF26: 0.085454545 | AG26: 0.085509091 | AH26: 0.085563636 | AI26: 0.085618182 | AJ26: 0.085672727 | AK26: 0.085727273 | AL26: 0.085781818 | AM26: 0.085836364 | AN26: 0.085890909 | AO26: 0.085945455 | AP26: 0.086
B27: Others | C27: =C20*AE27 -> 207.35 | D27: =D20*AF27 -> 212.90975 | E27: =E20*AG27 -> 220.03887 | F27: =F20*AH27 -> 228.75971 | G27: =G20*AI27 -> 240.63233 | H27: =H20*AJ27 -> 254.92909 | I27: =I20*AK27 -> 271.68388 | J27: =J20*AL27 -> 293.27068 | ... N27: =N20*AP27 -> 444.07905 | O27: =((N27/H27)^(1/7)-1)*100% -> 0.08251622 | Q27: Others | R27: =(D27/C27-1)*100 -> 2.6813369 | S27: =(E27/D27-1)*100 -> 3.3484214 | T27: =(F27/E27-1)*100 -> 3.9633193 | U27: =(G27/F27-1)*100 -> 5.189996 | V27: =(H27/G27-1)*100 -> 5.9413298 | W27: =(I27/H27-1)*100 -> 6.5723348 | X27: =(J27/I27-1)*100 -> 7.9455553 | Y27: =(K27/J27-1)*100 -> 9.2987123 | ... AB27: =(N27/M27-1)*100 -> 12.520156 | AC27: 0.07 | AD27: Others | AE27: 0.058 | AF27: 0.058181818 | AG27: 0.058363636 | AH27: 0.058545455 | AI27: 0.058727273 | AJ27: 0.058909091 | AK27: 0.059090909 | AL27: 0.059272727 | AM27: 0.059454545 | AN27: 0.059636364 | AO27: 0.059818182 | AP27: 0.06
B29: By Country | C29: =C20 -> 3575 | D29: =D20 -> 3659.3864 | E29: =E20 -> 3770.1364 | F29: =F20 -> 3907.3864 | G29: =G20 -> 4097.4545 | H29: =H20 -> 4327.5 | I29: =I20 -> 4597.7273 | J29: =J20 -> 4947.8182 | ... N29: =N20 -> 7401.3175 | O29: =((N29/H29)^(1/7)-1)*100% -> 0.079682331 | Q29: By Country | R29: =(D29/C29-1)*100 -> 2.3604577 | S29: =(E29/D29-1)*100 -> 3.0264637 | T29: =(F29/E29-1)*100 -> 3.6404519 | U29: =(G29/F29-1)*100 -> 4.8643304 | V29: =(H29/G29-1)*100 -> 5.6143504 | W29: =(I29/H29-1)*100 -> 6.2444199 | X29: =(J29/I29-1)*100 -> 7.614434 | Y29: =(K29/J29-1)*100 -> 8.9644655 | ... AB29: =(N29/M29-1)*100 -> 12.179185 | AD29: By Country | AE29: 1 | AF29: 1 | AG29: 1 | AH29: 1 | AI29: 1 | AJ29: 1 | AK29: 1 | AL29: 1 | AM29: 1 | AN29: 1 | AO29: 1 | AP29: 1
B30: Brazil | C30: =C29*AE30 -> 734.6625 | D30: =D29*AF30 -> 750.50688 | E30: =E29*AG30 -> 771.67837 | F30: =F29*AH30 -> 798.17247 | G30: =G29*AI30 -> 835.32198 | H30: =H29*AJ30 -> 880.44955 | I30: =I29*AK30 -> 933.54762 | J30: =J29*AL30 -> 1002.6079 | ... N30: =N29*AP30 -> 1487.6648 | O30: =((N30/H30)^(1/7)-1)*100% -> 0.077811829 | Q30: Brazil | R30: =(D30/C30-1)*100 -> 2.1566877 | S30: =(E30/D30-1)*100 -> 2.8209588 | T30: =(F30/E30-1)*100 -> 3.4333091 | U30: =(G30/F30-1)*100 -> 4.6543217 | V30: =(H30/G30-1)*100 -> 5.4024152 | W30: =(I30/H30-1)*100 -> 6.0307917 | X30: =(J30/I30-1)*100 -> 7.3976151 | Y30: =(K30/J30-1)*100 -> 8.7444834 | ... AB30: =(N30/M30-1)*100 -> 11.951333 | AC30: 0.01 | AD30: Brazil | AE30: 0.2055 | AF30: 0.20509091 | AG30: 0.20468182 | AH30: 0.20427273 | AI30: 0.20386364 | AJ30: 0.20345455 | AK30: 0.20304545 | AL30: 0.20263636 | AM30: 0.20222727 | AN30: 0.20181818 | AO30: 0.20140909 | AP30: 0.201
B31: Argentina | C31: =C29*AE31 -> 647.075 | D31: =D29*AF31 -> 660.75211 | E31: =E29*AG31 -> 679.10438 | F31: =F29*AH31 -> 702.12181 | G31: =G29*AI31 -> 734.48735 | H31: =H29*AJ31 -> 773.83568 | I31: =I29*AK31 -> 820.15095 | J31: =J29*AL31 -> 880.44176 | ... N31: =N29*AP31 -> 1304.1121 | O31: =((N31/H31)^(1/7)-1)*100% -> 0.077409707 | Q31: Argentina | R31: =(D31/C31-1)*100 -> 2.1136821 | S31: =(E31/D31-1)*100 -> 2.7774822 | T31: =(F31/E31-1)*100 -> 3.3893798 | U31: =(G31/F31-1)*100 -> 4.6096765 | V31: =(H31/G31-1)*100 -> 5.3572508 | W31: =(I31/H31-1)*100 -> 5.9851555 | X31: =(J31/I31-1)*100 -> 7.3511839 | Y31: =(K31/J31-1)*100 -> 8.6972593 | ... AB31: =(N31/M31-1)*100 -> 11.902057 | AC31: 0.02 | AD31: Argentina | AE31: 0.181 | AF31: 0.18056364 | AG31: 0.18012727 | AH31: 0.17969091 | AI31: 0.17925455 | AJ31: 0.17881818 | AK31: 0.17838182 | AL31: 0.17794545 | AM31: 0.17750909 | AN31: 0.17707273 | AO31: 0.17663636 | AP31: 0.1762
B32: Colombia | C32: =C29*AE32 -> 446.875 | D32: =D29*AF32 -> 459.02012 | E32: =E29*AG32 -> 474.55735 | F32: =F29*AH32 -> 493.53842 | G32: =G29*AI32 -> 519.33374 | H32: =H29*AJ32 -> 550.37932 | I32: =I29*AK32 -> 586.7536 | J32: =J29*AL32 -> 633.59061 | ... N32: =N29*AP32 -> 960.69101 | O32: =((N32/H32)^(1/7)-1)*100% -> 0.082829881 | Q32: Colombia | R32: =(D32/C32-1)*100 -> 2.7177888 | S32: =(E32/D32-1)*100 -> 3.3848686 | T32: =(F32/E32-1)*100 -> 3.9997428 | U32: =(G32/F32-1)*100 -> 5.2266082 | V32: =(H32/G32-1)*100 -> 5.9779631 | W32: =(I32/H32-1)*100 -> 6.6089469 | X32: =(J32/I32-1)*100 -> 7.982399 | Y32: =(K32/J32-1)*100 -> 9.3357771 | ... AB32: =(N32/M32-1)*100 -> 12.557583 | AC32: 0.05 | AD32: Colombia | AE32: 0.125 | AF32: 0.12543636 | AG32: 0.12587273 | AH32: 0.12630909 | AI32: 0.12674545 | AJ32: 0.12718182 | AK32: 0.12761818 | AL32: 0.12805455 | AM32: 0.12849091 | AN32: 0.12892727 | AO32: 0.12936364 | AP32: 0.1298
B33: Peru | C33: =C29*AE33 -> 464.75 | D33: =D29*AF33 -> 476.11943 | E33: =E29*AG33 -> 490.9403 | F33: =F29*AH33 -> 509.23901 | G33: =G29*AI33 -> 534.45707 | H33: =H29*AJ33 -> 564.93545 | I33: =I29*AK33 -> 600.71397 | J33: =J29*AL33 -> 646.9947 | ... N33: =N29*AP33 -> 971.05286 | O33: =((N33/H33)^(1/7)-1)*100% -> 0.080454024 | Q33: Peru | R33: =(D33/C33-1)*100 -> 2.4463546 | S33: =(E33/D33-1)*100 -> 3.112847 | T33: =(F33/E33-1)*100 -> 3.7272772 | U33: =(G33/F33-1)*100 -> 4.9521074 | V33: =(H33/G33-1)*100 -> 5.7026813 | W33: =(I33/H33-1)*100 -> 6.3332036 | X33: =(J33/I33-1)*100 -> 7.7042874 | Y33: =(K33/J33-1)*100 -> 9.0553702 | ... AB33: =(N33/M33-1)*100 -> 12.272538 | AC33: 0.04 | AD33: Peru | AE33: 0.13 | AF33: 0.13010909 | AG33: 0.13021818 | AH33: 0.13032727 | AI33: 0.13043636 | AJ33: 0.13054545 | AK33: 0.13065455 | AL33: 0.13076364 | AM33: 0.13087273 | AN33: 0.13098182 | AO33: 0.13109091 | AP33: 0.1312
B34: Chile | C34: =C29*AE34 -> 530.8875 | D34: =D29*AF34 -> 543.25254 | E34: =E29*AG34 -> 559.52251 | F34: =F29*AH34 -> 579.71405 | G34: =G29*AI34 -> 607.72701 | H34: =H29*AJ34 -> 641.65023 | I34: =I29*AK34 -> 681.50857 | J34: =J29*AL34 -> 733.17669 | ... N34: =N29*AP34 -> 1095.395 | O34: =((N34/H34)^(1/7)-1)*100% -> 0.079398403 | Q34: Chile | R34: =(D34/C34-1)*100 -> 2.3291261 | S34: =(E34/D34-1)*100 -> 2.9949186 | T34: =(F34/E34-1)*100 -> 3.608709 | U34: =(G34/F34-1)*100 -> 4.8322028 | V34: =(H34/G34-1)*100 -> 5.5819831 | W34: =(I34/H34-1)*100 -> 6.2118496 | X34: =(J34/I34-1)*100 -> 7.5814336 | Y34: =(K34/J34-1)*100 -> 8.9310408 | ... AB34: =(N34/M34-1)*100 -> 12.144743 | AC34: 0.03 | AD34: Chile | AE34: 0.1485 | AF34: 0.14845455 | AG34: 0.14840909 | AH34: 0.14836364 | AI34: 0.14831818 | AJ34: 0.14827273 | AK34: 0.14822727 | AL34: 0.14818182 | AM34: 0.14813636 | AN34: 0.14809091 | AO34: 0.14804545 | AP34: 0.148
B35: Venezuela | C35: =C29*AE35 -> 393.25 | D35: =D29*AF35 -> 402.96497 | E35: =E29*AG35 -> 415.60612 | F35: =F29*AH35 -> 431.19785 | G35: =G29*AI35 -> 452.65698 | H35: =H29*AJ35 -> 478.58216 | I35: =I29*AK35 -> 509.01021 | J35: =J29*AL35 -> 548.3532 | ... N35: =N29*AP35 -> 823.76664 | O35: =((N35/H35)^(1/7)-1)*100% -> 0.080668588 | Q35: Venezuela | R35: =(D35/C35-1)*100 -> 2.4704318 | S35: =(E35/D35-1)*100 -> 3.1370345 | T35: =(F35/E35-1)*100 -> 3.7515624 | U35: =(G35/F35-1)*100 -> 4.9766326 | V35: =(H35/G35-1)*100 -> 5.7273348 | W35: =(I35/H35-1)*100 -> 6.3579569 | X35: =(J35/I35-1)*100 -> 7.7293123 | Y35: =(K35/J35-1)*100 -> 9.0806609 | ... AB35: =(N35/M35-1)*100 -> 12.298427 | AC35: 0.06 | AD35: Venezuela | AE35: 0.11 | AF35: 0.11011818 | AG35: 0.11023636 | AH35: 0.11035455 | AI35: 0.11047273 | AJ35: 0.11059091 | AK35: 0.11070909 | AL35: 0.11082727 | AM35: 0.11094545 | AN35: 0.11106364 | AO35: 0.11118182 | AP35: 0.1113
B36: Rest of Latin America | C36: =C29*AE36 -> 357.5 | D36: =D29*AF36 -> 366.77032 | E36: =E29*AG36 -> 378.72733 | F36: =F29*AH36 -> 393.40276 | G36: =G29*AI36 -> 413.47041 | H36: =H29*AJ36 -> 437.66761 | I36: =I29*AK36 -> 466.04236 | J36: =J29*AL36 -> 502.65335 | ... N36: =N29*AP36 -> 758.63504 | O36: =((N36/H36)^(1/7)-1)*100% -> 0.081750058 | Q36: Rest of Latin America | R36: =(D36/C36-1)*100 -> 2.5930951 | S36: =(E36/D36-1)*100 -> 3.2600838 | T36: =(F36/E36-1)*100 -> 3.8749325 | U36: =(G36/F36-1)*100 -> 5.1010444 | V36: =(H36/G36-1)*100 -> 5.8522205 | W36: =(I36/H36-1)*100 -> 6.4831714 | X36: =(J36/I36-1)*100 -> 7.855722 | Y36: =(K36/J36-1)*100 -> 9.2082339 | ... AB36: =(N36/M36-1)*100 -> 12.428472 | AC36: 0.07 | AD36: Rest of Latin America | AE36: 0.1 | AF36: 0.10022727 | AG36: 0.10045455 | AH36: 0.10068182 | AI36: 0.10090909 | AJ36: 0.10113636 | AK36: 0.10136364 | AL36: 0.10159091 | AM36: 0.10181818 | AN36: 0.10204545 | AO36: 0.10227273 | AP36: 0.1025
AL45: 2023 | AM45: 2030
AK46: =AD8 -> Flexible Electronics | AL46: =AI8 -> 0.51781818 | AM46: =AP8 -> 0.514
AK47: =AD13 -> Flexible Circuit | AL47: =AI13 -> 0.48218182 | AM47: =AP13 -> 0.486
AL58: 2023 | AM58: 2030
AK59: =AD21 -> Automotive | AL59: =AI21 -> 0.18155455 | AM59: =AP21 -> 0.182
AK60: =AD22 -> Military, Defense and Aerospace | AL60: =AI22 -> 0.13836364 | AM60: =AP22 -> 0.139
AK61: =AD23 -> Consumer Electronics | AL61: =AI23 -> 0.21146364 | AM61: =AP23 -> 0.21
AK62: =AD24 -> Industrial | AL62: =AI24 -> 0.12268182 | AM62: =AP24 -> 0.123
AK63: =AD25 -> Healthcare and Medical | AL63: =AI25 -> 0.20159091 | AM63: =AP25 -> 0.2
AK64: =AD26 -> Energy and Power | AL64: =AI26 -> 0.085618182 | AM64: =AP26 -> 0.086
AK65: =AD27 -> Others | AL65: =AI27 -> 0.058727273 | AM65: =AP27 -> 0.06
AL77: 2023 | AM77: 2030
AK78: =AD30 -> Brazil | AL78: =AI30 -> 0.20386364 | AM78: =AP30 -> 0.201
AK79: =AD31 -> Argentina | AL79: =AI31 -> 0.17925455 | AM79: =AP31 -> 0.1762
AK80: =AD32 -> Colombia | AL80: =AI32 -> 0.12674545 | AM80: =AP32 -> 0.1298
AK81: =AD33 -> Peru | AL81: =AI33 -> 0.13043636 | AM81: =AP33 -> 0.1312
AK82: =AD34 -> Chile | AL82: =AI34 -> 0.14831818 | AM82: =AP34 -> 0.148
AK83: =AD35 -> Venezuela | AL83: =AI35 -> 0.11047273 | AM83: =AP35 -> 0.1113
AK84: =AD36 -> Rest of Latin America | AL84: =AI36 -> 0.10090909 | AM84: =AP36 -> 0.1025

Sheet Middle East & Africa
B4: Middle East & Africa Flexible Electronics and Circuit Market | D4: Market Value (US$ Million) | Q4: Middle East & Africa Flexible Electronics and Circuit Market | S4: Market Y-o-Y Growth (%) | AD4: Middle East & Africa Flexible Electronics and Circuit Market | AF4: Market Share (%)
C5: 2019 | D5: 2020 | E5: 2021 | F5: 2022 | G5: 2023 | H5: 2024 | I5: 2025 | J5: 2026 | K5: 2027 | L5: 2028 | M5: 2029 | N5: 2030 | O5: CAGR (2023-2030) % | R5: 2020 | S5: 2021 | T5: 2022 | U5: 2023 | V5: 2024 | W5: 2025 | X5: 2026 | Y5: 2027 | Z5: 2028 | AA5: 2029 | AB5: 2030 | AE5: 2019 | AF5: 2020 | AG5: 2021 | AH5: 2022 | AI5: 2023 | AJ5: 2024 | AK5: 2025 | AL5: 2026 | AM5: 2027 | AN5: 2028 | AO5: 2029 | AP5: 2030
B7: By Type | C7: =Global!C34 -> 3190 | D7: =Global!D34 -> 3271.0955 | E7: =Global!E34 -> 3376.0455 | F7: =Global!F34 -> 3505.0955 | G7: =Global!G34 -> 3682.0182 | H7: =Global!H34 -> 3895.5 | I7: =Global!I34 -> 4145.9091 | J7: =Global!J34 -> 4469.2727 | ... N7: =Global!N34 -> 6731.0095 | O7: =((N7/H7)^(1/7)-1)*100% -> 0.081262147 | Q7: By Type | R7: =(D7/C7-1)*100 -> 2.5421773 | S7: =(E7/D7-1)*100 -> 3.2084053 | T7: =(F7/E7-1)*100 -> 3.8225196 | U7: =(G7/F7-1)*100 -> 5.0475866 | V7: =(H7/G7-1)*100 -> 5.7979567 | W7: =(I7/H7-1)*100 -> 6.428163 | X7: =(J7/I7-1)*100 -> 7.7995834 | Y7: =(K7/J7-1)*100 -> 9.1509703 | ... AB7: =(N7/M7-1)*100 -> 12.368252 | AD7: By Type | AE7: 1 | AF7: 1 | AG7: 1 | AH7: 1 | AI7: 1 | AJ7: 1 | AK7: 1 | AL7: 1 | AM7: 1 | AN7: 1 | AO7: 1 | AP7: 1
B8: Flexible Electronics | C8: =C7*AE8 -> 1682.725 | D8: =D7*AF8 -> 1723.8673 | E8: =E7*AG8 -> 1777.4879 | F8: =F7*AH8 -> 1843.6802 | G8: =G7*AI8 -> 1934.9006 | H8: =H7*AJ8 -> 2045.1375 | I8: =I7*AK8 -> 2174.5293 | J8: =J7*AL8 -> 2341.8989 | ... N8: =N7*AP8 -> 3513.587 | O8: =((N8/H8)^(1/7)-1)*100% -> 0.080377314 | Q8: Flexible Electronics | R8: =(D8/C8-1)*100 -> 2.4449809 | S8: =(E8/D8-1)*100 -> 3.1104846 | T8: =(F8/E8-1)*100 -> 3.7239227 | U8: =(G8/F8-1)*100 -> 4.9477314 | V8: =(H8/G8-1)*100 -> 5.6972926 | W8: =(I8/H8-1)*100 -> 6.3268029 | X8: =(J8/I8-1)*100 -> 7.6968192 | Y8: =(K8/J8-1)*100 -> 9.0468186 | ... AB8: =(N8/M8-1)*100 -> 12.260723 | AC8: 0.01 | AD8: Flexible Electronics | AE8: 0.5275 | AF8: 0.527 | AG8: 0.5265 | AH8: 0.526 | AI8: 0.5255 | AJ8: 0.525 | AK8: 0.5245 | AL8: 0.524 | AM8: 0.5235 | AN8: 0.523 | AO8: 0.5225 | AP8: 0.522
B9: Flexible Displays | C9: =C7*AE9 -> 626.835 | D9: =D7*AF9 -> 641.43208 | E9: =E7*AG9 -> 660.63071 | F9: =F7*AH9 -> 684.44955 | G9: =G7*AI9 -> 717.49145 | H9: =H7*AJ9 -> 757.49768 | I9: =I7*AK9 -> 804.49481 | J9: =J7*AL9 -> 865.41372 | ... N9: =N7*AP9 -> 1292.3538 | O9: =((N9/H9)^(1/7)-1)*100% -> 0.079301734 | Q9: Flexible Displays | R9: =(D9/C9-1)*100 -> 2.328696 | S9: =(E9/D9-1)*100 -> 2.9930887 | T9: =(F9/E9-1)*100 -> 3.6054691 | U9: =(G9/F9-1)*100 -> 4.8275148 | V9: =(H9/G9-1)*100 -> 5.5758476 | W9: =(I9/H9-1)*100 -> 6.2042609 | X9: =(J9/I9-1)*100 -> 7.5723179 | Y9: =(K9/J9-1)*100 -> 8.9203696 | ... AB9: =(N9/M9-1)*100 -> 12.12934 | AC9: 0.01 | AD9: Flexible Displays | AE9: 0.1965 | AF9: 0.19609091 | AG9: 0.19568182 | AH9: 0.19527273 | AI9: 0.19486364 | AJ9: 0.19445455 | AK9: 0.19404545 | AL9: 0.19363636 | AM9: 0.19322727 | AN9: 0.19281818 | AO9: 0.19240909 | AP9: 0.192
B10: Flexible Batteries | C10: =C7*AE10 -> 347.71 | D10: =D7*AF10 -> 356.69809 | E10: =E7*AG10 -> 368.29587 | F10: =F7*AH10 -> 382.53337 | G10: =G7*AI10 -> 402.00944 | H10: =H7*AJ10 -> 425.49484 | I10: =I7*AK10 -> 453.03479 | J10: =J7*AL10 -> 488.57277 | ... N10: =N7*AP10 -> 737.04554 | O10: =((N10/H10)^(1/7)-1)*100% -> 0.081647418 | Q10: Flexible Batteries | R10: =(D10/C10-1)*100 -> 2.5849388 | S10: =(E10/D10-1)*100 -> 3.2514267 | T10: =(F10/E10-1)*100 -> 3.865779 | U10: =(G10/F10-1)*100 -> 5.0913382 | V10: =(H10/G10-1)*100 -> 5.8420024 | W10: =(I10/H10-1)*100 -> 6.4724527 | X10: =(J10/I10-1)*100 -> 7.8444251 | Y10: =(K10/J10-1)*100 -> 9.1963553 | ... AB10: =(N10/M10-1)*100 -> 12.414917 | AC10: 0.03 | AD10: Flexible Batteries | AE10: 0.109 | AF10: 0.10904545 | AG10: 0.10909091 | AH10: 0.10913636 | AI10: 0.10918182 | AJ10: 0.10922727 | AK10: 0.10927273 | AL10: 0.10931818 | AM10: 0.10936364 | AN10: 0.10940909 | AO10: 0.10945455 | AP10: 0.1095
B11: Flexible Sensors | C11: =C7*AE11 -> 376.42 | D11: =D7*AF11 -> 385.09715 | E11: =E7*AG11 -> 396.53188 | F11: =F7*AH11 -> 410.73346 | G11: =G7*AI11 -> 430.4614 | H11: =H7*AJ11 -> 454.35695 | I11: =I7*AK11 -> 482.43306 | J11: =J7*AL11 -> 518.84193 | ... N11: =N7*AP11 -> 774.06609 | O11: =((N11/H11)^(1/7)-1)*100% -> 0.079081903 | Q11: Flexible Sensors | R11: =(D11/C11-1)*100 -> 2.3051768 | S11: =(E11/D11-1)*100 -> 2.9693125 | T11: =(F11/E11-1)*100 -> 3.5814457 | U11: =(G11/F11-1)*100 -> 4.8031003 | V11: =(H11/G11-1)*100 -> 5.5511496 | W11: =(I11/H11-1)*100 -> 6.1793053 | X11: =(J11/I11-1)*100 -> 7.5469281 | Y11: =(K11/J11-1)*100 -> 8.8945467 | ... AB11: =(N11/M11-1)*100 -> 12.102397 | AC11: 0.02 | AD11: Flexible Sensors | AE11: 0.118 | AF11: 0.11772727 | AG11: 0.11745455 | AH11: 0.11718182 | AI11: 0.11690909 | AJ11: 0.11663636 | AK11: 0.11636364 | AL11: 0.11609091 | AM11: 0.11581818 | AN11: 0.11554545 | AO11: 0.11527273 | AP11: 0.115
B12: Flexible Memory | C12: =C7*AE12 -> 331.76 | D12: =D7*AF12 -> 340.63999 | E12: =E7*AG12 -> 352.02947 | F12: =F7*AH12 -> 365.96383 | G12: =G7*AI12 -> 384.93826 | H12: =H7*AJ12 -> 407.78802 | I12: =I7*AK12 -> 434.56665 | J12: =J7*AL12 -> 469.07049 | ... N12: =N7*AP12 -> 710.1215 | O12: =((N12/H12)^(1/7)-1)*100% -> 0.082465412 | Q12: Flexible Memory | R12: =(D12/C12-1)*100 -> 2.6766294 | S12: =(E12/D12-1)*100 -> 3.3435538 | T12: =(F12/E12-1)*100 -> 3.9582945 | U12: =(G12/F12-1)*100 -> 5.1847841 | V12: =(H12/G12-1)*100 -> 5.935954 | W12: =(I12/H12-1)*100 -> 6.5668015 | X12: =(J12/I12-1)*100 -> 7.9398257 | Y12: =(K12/J12-1)*100 -> 9.2927862 | ... AB12: =(N12/M12-1)*100 -> 12.513681 | AC12: 0.04 | AD12: Flexible Memory | AE12: 0.104 | AF12: 0.10413636 | AG12: 0.10427273 | AH12: 0.10440909 | AI12: 0.10454545 | AJ12: 0.10468182 | AK12: 0.10481818 | AL12: 0.10495455 | AM12: 0.10509091 | AN12: 0.10522727 | AO12: 0.10536364 | AP12: 0.1055
B13: Flexible Circuit | C13: =C7*AE13 -> 1507.275 | D13: =D7*AF13 -> 1547.2281 | E13: =E7*AG13 -> 1598.5575 | F13: =F7*AH13 -> 1661.4152 | G13: =G7*AI13 -> 1747.1176 | H13: =H7*AJ13 -> 1850.3625 | I13: =I7*AK13 -> 1971.3798 | J13: =J7*AL13 -> 2127.3738 | ... N13: =N7*AP13 -> 3217.4225 | O13: =((N13/H13)^(1/7)-1)*100% -> 0.082235091 | Q13: Flexible Circuit | R13: =(D13/C13-1)*100 -> 2.6506875 | S13: =(E13/D13-1)*100 -> 3.3175051 | T13: =(F13/E13-1)*100 -> 3.9321527 | U13: =(G13/F13-1)*100 -> 5.1583963 | V13: =(H13/G13-1)*100 -> 5.9094403 | W13: =(I13/H13-1)*100 -> 6.5401927 | X13: =(J13/I13-1)*100 -> 7.9129373 | Y13: =(K13/J13-1)*100 -> 9.2656246 | ... AB13: =(N13/M13-1)*100 -> 12.485915 | AC13: 0.02 | AD13: Flexible Circuit | AE13: 0.4725 | AF13: 0.473 | AG13: 0.4735 | AH13: 0.474 | AI13: 0.4745 | AJ13: 0.475 | AK13: 0.4755 | AL13: 0.476 | AM13: 0.4765 | AN13: 0.477 | AO13: 0.4775 | AP13: 0.478
B14: Single Sided Flex Circuit | C14: =C7*AE14 -> 350.9 | D14: =D7*AF14 -> 360.08814 | E14: =E7*AG14 -> 371.91744 | F14: =F7*AH14 -> 386.42084 | G14: =G7*AI14 -> 406.22702 | H14: =H7*AJ14 -> 430.09861 | I14: =I7*AK14 -> 458.08526 | J14: =J7*AL14 -> 494.17967 | ... N14: =N7*AP14 -> 746.46895 | O14: =((N14/H14)^(1/7)-1)*100% -> 0.08194764 | Q14: Single Sided Flex Circuit | R14: =(D14/C14-1)*100 -> 2.6184483 | S14: =(E14/D14-1)*100 -> 3.2851148 | T14: =(F14/E14-1)*100 -> 3.8996283 | U14: =(G14/F14-1)*100 -> 5.1255472 | V14: =(H14/G14-1)*100 -> 5.8764159 | W14: =(I14/H14-1)*100 -> 6.5070312 | X14: =(J14/I14-1)*100 -> 7.8794086 | Y14: =(K14/J14-1)*100 -> 9.2317364 | ... AB14: =(N14/M14-1)*100 -> 12.451215 | AC14: 0.02 | AD14: Single Sided Flex Circuit | AE14: 0.11 | AF14: 0.11008182 | AG14: 0.11016364 | AH14: 0.11024545 | AI14: 0.11032727 | AJ14: 0.11040909 | AK14: 0.11049091 | AL14: 0.11057273 | AM14: 0.11065455 | AN14: 0.11073636 | AO14: 0.11081818 | AP14: 0.1109
B15: Double Sided Flex Circuit | C15: =C7*AE15 -> 339.735 | D15: =D7*AF15 -> 348.66904 | E15: =E7*AG15 -> 360.16267 | F15: =F7*AH15 -> 374.2486 | G15: =G7*AI15 -> 393.47385 | H15: =H7*AJ15 -> 416.64143 | I15: =I7*AK15 -> 443.80072 | J15: =J7*AL15 -> 478.82163 | ... N15: =N7*AP15 -> 723.58352 | O15: =((N15/H15)^(1/7)-1)*100% -> 0.082048187 | Q15: Double Sided Flex Circuit | R15: =(D15/C15-1)*100 -> 2.6297079 | S15: =(E15/D15-1)*100 -> 3.2964295 | T15: =(F15/E15-1)*100 -> 3.9109922 | U15: =(G15/F15-1)*100 -> 5.1370268 | V15: =(H15/G15-1)*100 -> 5.8879592 | W15: =(I15/H15-1)*100 -> 6.5186247 | X15: =(J15/I15-1)*100 -> 7.8911329 | Y15: =(K15/J15-1)*100 -> 9.2435888 | ... AB15: =(N15/M15-1)*100 -> 12.463359 | AC15: 0.03 | AD15: Double Sided Flex Circuit | AE15: 0.1065 | AF15: 0.10659091 | AG15: 0.10668182 | AH15: 0.10677273 | AI15: 0.10686364 | AJ15: 0.10695455 | AK15: 0.10704545 | AL15: 0.10713636 | AM15: 0.10722727 | AN15: 0.10731818 | AO15: 0.10740909 | AP15: 0.1075
B16: Multilayer Flex Circuit | C16: =C7*AE16 -> 385.99 | D16: =D7*AF16 -> 395.95124 | E16: =E7*AG16 -> 408.80841 | F16: =F7*AH16 -> 424.59452 | G16: =G7*AI16 -> 446.19366 | H16: =H7*AJ16 -> 472.24084 | I16: =I7*AK16 -> 502.7857 | J16: =J7*AL16 -> 542.20404 | ... N16: =N7*AP16 -> 817.81765 | O16: =((N16/H16)^(1/7)-1)*100% -> 0.081609317 | Q16: Multilayer Flex Circuit | R16: =(D16/C16-1)*100 -> 2.580698 | S16: =(E16/D16-1)*100 -> 3.2471617 | T16: =(F16/E16-1)*100 -> 3.861492 | U16: =(G16/F16-1)*100 -> 5.087004 | V16: =(H16/G16-1)*100 -> 5.8376408 | W16: =(I16/H16-1)*100 -> 6.4680686 | X16: =(J16/I16-1)*100 -> 7.839988 | Y16: =(K16/J16-1)*100 -> 9.1918661 | ... AB16: =(N16/M16-1)*100 -> 12.410306 | AC16: 0.01 | AD16: Multilayer Flex Circuit | AE16: 0.121 | AF16: 0.12104545 | AG16: 0.12109091 | AH16: 0.12113636 | AI16: 0.12118182 | AJ16: 0.12122727 | AK16: 0.12127273 | AL16: 0.12131818 | AM16: 0.12136364 | AN16: 0.12140909 | AO16: 0.12145455 | AP16: 0.1215
B17: Rigid Flex Circuit | C17: =C7*AE17 -> 255.2 | D17: =D7*AF17 -> 262.22291 | E17: =E7*AG17 -> 271.18852 | F17: =F7*AH17 -> 282.12832 | G17: =G7*AI17 -> 296.9715 | H17: =H7*AJ17 -> 314.82723 | I17: =I7*AK17 -> 335.74326 | J17: =J7*AL17 -> 362.66117 | ... N17: =N7*AP17 -> 550.59658 | O17: =((N17/H17)^(1/7)-1)*100% -> 0.083128977 | Q17: Rigid Flex Circuit | R17: =(D17/C17-1)*100 -> 2.7519226 | S17: =(E17/D17-1)*100 -> 3.4190825 | T17: =(F17/E17-1)*100 -> 4.0340186 | U17: =(G17/F17-1)*100 -> 5.2611461 | V17: =(H17/G17-1)*100 -> 6.0126053 | W17: =(I17/H17-1)*100 -> 6.6436531 | X17: =(J17/I17-1)*100 -> 8.0174092 | Y17: =(K17/J17-1)*100 -> 9.371082 | ... AB17: =(N17/M17-1)*100 -> 12.593489 | AC17: 0.04 | AD17: Rigid Flex Circuit | AE17: 0.08 | AF17: 0.080163636 | AG17: 0.080327273 | AH17: 0.080490909 | AI17: 0.080654545 | AJ17: 0.080818182 | AK17: 0.080981818 | AL17: 0.081145455 | AM17: 0.081309091 | AN17: 0.081472727 | AO17: 0.081636364 | AP17: 0.0818
B18: Others | C18: =C7*AE18 -> 175.45 | D18: =D7*AF18 -> 180.29683 | E18: =E7*AG18 -> 186.48047 | F18: =F7*AH18 -> 194.02297 | G18: =G7*AI18 -> 204.25159 | H18: =H7*AJ18 -> 216.55439 | I18: =I7*AK18 -> 230.96483 | J18: =J7*AL18 -> 249.50731 | ... N18: =N7*AP18 -> 378.95583 | O18: =((N18/H18)^(1/7)-1)*100% -> 0.083221754 | Q18: Others | R18: =(D18/C18-1)*100 -> 2.7625158 | S18: =(E18/D18-1)*100 -> 3.4296999 | T18: =(F18/E18-1)*100 -> 4.0446547 | U18: =(G18/F18-1)*100 -> 5.2718629 | V18: =(H18/G18-1)*100 -> 6.0233538 | W18: =(I18/H18-1)*100 -> 6.6544208 | X18: =(J18/I18-1)*100 -> 8.0282705 | Y18: =(K18/J18-1)*100 -> 9.382034 | ... AB18: =(N18/M18-1)*100 -> 12.604626 | AC18: 0.05 | AD18: Others | AE18: 0.055 | AF18: 0.055118182 | AG18: 0.055236364 | AH18: 0.055354545 | AI18: 0.055472727 | AJ18: 0.055590909 | AK18: 0.055709091 | AL18: 0.055827273 | AM18: 0.055945455 | AN18: 0.056063636 | AO18: 0.056181818 | AP18: 0.0563
B20: By Vertical | C20: =C7 -> 3190 | D20: =D7 -> 3271.0955 | E20: =E7 -> 3376.0455 | F20: =F7 -> 3505.0955 | G20: =G7 -> 3682.0182 | H20: =H7 -> 3895.5 | I20: =I7 -> 4145.9091 | J20: =J7 -> 4469.2727 | ... N20: =N7 -> 6731.0095 | O20: =((N20/H20)^(1/7)-1)*100% -> 0.081262147 | Q20: By Vertical | R20: =(D20/C20-1)*100 -> 2.5421773 | S20: =(E20/D20-1)*100 -> 3.2084053 | T20: =(F20/E20-1)*100 -> 3.8225196 | U20: =(G20/F20-1)*100 -> 5.0475866 | V20: =(H20/G20-1)*100 -> 5.7979567 | W20: =(I20/H20-1)*100 -> 6.428163 | X20: =(J20/I20-1)*100 -> 7.7995834 | Y20: =(K20/J20-1)*100 -> 9.1509703 | ... AB20: =(N20/M20-1)*100 -> 12.368252 | AD20: By Vertical | AE20: 1 | AF20: 1 | AG20: 1 | AH20: 1 | AI20: 1 | AJ20: 1 | AK20: 1 | AL20: 1 | AM20: 1 | AN20: 1 | AO20: 1 | AP20: 1
B21: Automotive | C21: =C20*AE21 -> 576.752 | D21: =D20*AF21 -> 591.56274 | E21: =E20*AG21 -> 610.69593 | F21: =F20*AH21 -> 634.19923 | G21: =G20*AI21 -> 666.37835 | H21: =H20*AJ21 -> 705.19174 | I21: =I20*AK21 -> 750.71107 | J21: =J20*AL21 -> 809.46655 | ... N21: =N20*AP21 -> 1220.332 | O21: =((N21/H21)^(1/7)-1)*100% -> 0.081494708 | Q21: Automotive | R21: =(D21/C21-1)*100 -> 2.5679572 | S21: =(E21/D21-1)*100 -> 3.2343462 | T21: =(F21/E21-1)*100 -> 3.8486083 | U21: =(G21/F21-1)*100 -> 5.0739765 | V21: =(H21/G21-1)*100 -> 5.8245284 | W21: =(I21/H21-1)*100 -> 6.4548863 | X21: =(J21/I21-1)*100 -> 7.8266442 | Y21: =(K21/J21-1)*100 -> 9.1783635 | ... AB21: =(N21/M21-1)*100 -> 12.396432 | AC21: 0.03 | AD21: Automotive | AE21: 0.1808 | AF21: 0.18084545 | AG21: 0.18089091 | AH21: 0.18093636 | AI21: 0.18098182 | AJ21: 0.18102727 | AK21: 0.18107273 | AL21: 0.18111818 | AM21: 0.18116364 | AN21: 0.18120909 | AO21: 0.18125455 | AP21: 0.1813
B22: Military, Defense and Aerospace | C22: =C20*AE22 -> 440.22 | D22: =D20*AF22 -> 451.70855 | E22: =E20*AG22 -> 466.5081 | F22: =F20*AH22 -> 484.65911 | G22: =G20*AI22 -> 509.45742 | H22: =H20*AJ22 -> 539.34968 | I22: =I20*AK22 -> 574.39686 | J22: =J20*AL22 -> 619.60372 | ... N22: =N20*AP22 -> 935.61032 | O22: =((N22/H22)^(1/7)-1)*100% -> 0.081869655 | Q22: Military, Defense and Aerospace | R22: =(D22/C22-1)*100 -> 2.6097281 | S22: =(E22/D22-1)*100 -> 3.2763503 | T22: =(F22/E22-1)*100 -> 3.8908239 | U22: =(G22/F22-1)*100 -> 5.1166514 | V22: =(H22/G22-1)*100 -> 5.8674691 | W22: =(I22/H22-1)*100 -> 6.4980436 | X22: =(J22/I22-1)*100 -> 7.870318 | Y22: =(K22/J22-1)*100 -> 9.2225447 | ... AB22: =(N22/M22-1)*100 -> 12.441792 | AC22: 0.04 | AD22: Military, Defense and Aerospace | AE22: 0.138 | AF22: 0.13809091 | AG22: 0.13818182 | AH22: 0.13827273 | AI22: 0.13836364 | AJ22: 0.13845455 | AK22: 0.13854545 | AL22: 0.13863636 | AM22: 0.13872727 | AN22: 0.13881818 | AO22: 0.13890909 | AP22: 0.139
B23: Consumer Electronics | C23: =C20*AE23 -> 708.818 | D23: =D20*AF23 -> 726.18319 | E23: =E20*AG23 -> 748.80688 | F23: =F20*AH23 -> 776.72915 | G23: =G20*AI23 -> 815.19883 | H23: =H20*AJ23 -> 861.6846 | I23: =I20*AK23 -> 916.24591 | J23: =J20*AL23 -> 986.81542 | ... N23: =N20*AP23 -> 1480.8221 | O23: =((N23/H23)^(1/7)-1)*100% -> 0.080422221 | Q23: Consumer Electronics | R23: =(D23/C23-1)*100 -> 2.4498801 | S23: =(E23/D23-1)*100 -> 3.1154248 | T23: =(F23/E23-1)*100 -> 3.7289015 | U23: =(G23/F23-1)*100 -> 4.9527783 | V23: =(H23/G23-1)*100 -> 5.7023849 | W23: =(I23/H23-1)*100 -> 6.331935 | X23: =(J23/I23-1)*100 -> 7.7020272 | Y23: =(K23/J23-1)*100 -> 9.0521016 | ... AB23: =(N23/M23-1)*100 -> 12.266192 | AC23: 0.01 | AD23: Consumer Electronics | AE23: 0.2222 | AF23: 0.222 | AG23: 0.2218 | AH23: 0.2216 | AI23: 0.2214 | AJ23: 0.2212 | AK23: 0.221 | AL23: 0.2208 | AM23: 0.2206 | AN23: 0.2204 | AO23: 0.2202 | AP23: 0.22
B24: Industrial | C24: =C20*AE24 -> 390.775 | D24: =D20*AF24 -> 400.85788 | E24: =E20*AG24 -> 413.87248 | F24: =F20*AH24 -> 429.85216 | G24: =G20*AI24 -> 451.71669 | H24: =H20*AJ24 -> 478.08409 | I24: =I20*AK24 -> 509.00457 | J24: =J20*AL24 -> 548.90795 | ... N24: =N20*AP24 -> 827.91417 | O24: =((N24/H24)^(1/7)-1)*100% -> 0.081605078 | Q24: Industrial | R24: =(D24/C24-1)*100 -> 2.5802263 | S24: =(E24/D24-1)*100 -> 3.2466874 | T24: =(F24/E24-1)*100 -> 3.8610152 | U24: =(G24/F24-1)*100 -> 5.0865219 | V24: =(H24/G24-1)*100 -> 5.8371556 | W24: =(I24/H24-1)*100 -> 6.4675809 | X24: =(J24/I24-1)*100 -> 7.8394944 | Y24: =(K24/J24-1)*100 -> 9.1913666 | ... AB24: =(N24/M24-1)*100 -> 12.409793 | AC24: 0.05 | AD24: Industrial | AE24: 0.1225 | AF24: 0.12254545 | AG24: 0.12259091 | AH24: 0.12263636 | AI24: 0.12268182 | AJ24: 0.12272727 | AK24: 0.12277273 | AL24: 0.12281818 | AM24: 0.12286364 | AN24: 0.12290909 | AO24: 0.12295455 | AP24: 0.123
B25: Healthcare and Medical | C25: =C20*AE25 -> 615.032 | D25: =D20*AF25 -> 629.98325 | E25: =E20*AG25 -> 649.48976 | F25: =F20*AH25 -> 673.58375 | G25: =G20*AI25 -> 706.8136 | H25: =H20*AJ25 -> 746.97983 | I25: =I20*AK25 -> 794.13004 | J25: =J20*AL25 -> 855.13439 | ... N25: =N20*AP25 -> 1282.2573 | O25: =((N25/H25)^(1/7)-1)*100% -> 0.080248715 | Q25: Healthcare and Medical | R25: =(D25/C25-1)*100 -> 2.4309706 | S25: =(E25/D25-1)*100 -> 3.0963546 | T25: =(F25/E25-1)*100 -> 3.7096797 | U25: =(G25/F25-1)*100 -> 4.933291 | V25: =(H25/G25-1)*100 -> 5.6827193 | W25: =(I25/H25-1)*100 -> 6.3121128 | X25: =(J25/I25-1)*100 -> 7.6819094 | Y25: =(K25/J25-1)*100 -> 9.0316909 | ... AB25: =(N25/M25-1)*100 -> 12.245053 | AC25: 0.02 | AD25: Healthcare and Medical | AE25: 0.1928 | AF25: 0.19259091 | AG25: 0.19238182 | AH25: 0.19217273 | AI25: 0.19196364 | AJ25: 0.19175455 | AK25: 0.19154545 | AL25: 0.19133636 | AM25: 0.19112727 | AN25: 0.19091818 | AO25: 0.19070909 | AP25: 0.1905
B26: Energy and Power | C26: =C20*AE26 -> 271.469 | D26: =D20*AF26 -> 278.69733 | E26: =E20*AG26 -> 287.97668 | F26: =F20*AH26 -> 299.33515 | G26: =G20*AI26 -> 314.81255 | H26: =H20*AJ26 -> 333.4548 | I26: =I20*AK26 -> 355.30441 | J26: =J20*AL26 -> 383.4636 | ... N26: =N20*AP26 -> 580.21302 | O26: =((N26/H26)^(1/7)-1)*100% -> 0.082341614 | Q26: Energy and Power | R26: =(D26/C26-1)*100 -> 2.6626734 | S26: =(E26/D26-1)*100 -> 3.3295419 | T26: =(F26/E26-1)*100 -> 3.9442342 | U26: =(G26/F26-1)*100 -> 5.1705931 | V26: =(H26/G26-1)*100 -> 5.921697 | W26: =(I26/H26-1)*100 -> 6.552495 | X26: =(J26/I26-1)*100 -> 7.9253705 | Y26: =(K26/J26-1)*100 -> 9.2781858 | ... AB26: =(N26/M26-1)*100 -> 12.498761 | AC26: 0.06 | AD26: Energy and Power | AE26: 0.0851 | AF26: 0.0852 | AG26: 0.0853 | AH26: 0.0854 | AI26: 0.0855 | AJ26: 0.0856 | AK26: 0.0857 | AL26: 0.0858 | AM26: 0.0859 | AN26: 0.086 | AO26: 0.0861 | AP26: 0.0862
B27: Others | C27: =C20*AE27 -> 186.934 | D27: =D20*AF27 -> 192.10251 | E27: =E20*AG27 -> 198.69562 | F27: =F20*AH27 -> 206.7369 | G27: =G20*AI27 -> 217.64075 | H27: =H20*AJ27 -> 230.75525 | I27: =I20*AK27 -> 246.11624 | J27: =J20*AL27 -> 265.8811 | ... N27: =N20*AP27 -> 403.86057 | O27: =((N27/H27)^(1/7)-1)*100% -> 0.083242507 | Q27: Others | R27: =(D27/C27-1)*100 -> 2.7648875 | S27: =(E27/D27-1)*100 -> 3.4320768 | T27: =(F27/E27-1)*100 -> 4.0470354 | U27: =(G27/F27-1)*100 -> 5.2742614 | V27: =(H27/G27-1)*100 -> 6.0257591 | W27: =(I27/H27-1)*100 -> 6.65683 | X27: =(J27/I27-1)*100 -> 8.0307004 | Y27: =(K27/J27-1)*100 -> 9.384484 | ... AB27: =(N27/M27-1)*100 -> 12.607116 | AC27: 0.07 | AD27: Others | AE27: 0.0586 | AF27: 0.058727273 | AG27: 0.058854545 | AH27: 0.058981818 | AI27: 0.059109091 | AJ27: 0.059236364 | AK27: 0.059363636 | AL27: 0.059490909 | AM27: 0.059618182 | AN27: 0.059745455 | AO27: 0.059872727 | AP27: 0.06
B29: By Country | C29: =C20 -> 3190 | D29: =D20 -> 3271.0955 | E29: =E20 -> 3376.0455 | F29: =F20 -> 3505.0955 | G29: =G20 -> 3682.0182 | H29: =H20 -> 3895.5 | I29: =I20 -> 4145.9091 | J29: =J20 -> 4469.2727 | ... N29: =N20 -> 6731.0095 | O29: =((N29/H29)^(1/7)-1)*100% -> 0.081262147 | Q29: By Country | R29: =(D29/C29-1)*100 -> 2.5421773 | S29: =(E29/D29-1)*100 -> 3.2084053 | T29: =(F29/E29-1)*100 -> 3.8225196 | U29: =(G29/F29-1)*100 -> 5.0475866 | V29: =(H29/G29-1)*100 -> 5.7979567 | W29: =(I29/H29-1)*100 -> 6.428163 | X29: =(J29/I29-1)*100 -> 7.7995834 | Y29: =(K29/J29-1)*100 -> 9.1509703 | ... AB29: =(N29/M29-1)*100 -> 12.368252 | AD29: By Country | AE29: 1 | AF29: 1 | AG29: 1 | AH29: 1 | AI29: 1 | AJ29: 1 | AK29: 1 | AL29: 1 | AM29: 1 | AN29: 1 | AO29: 1 | AP29: 1
B30: Saudi Arabia | C30: =C29*AE30 -> 765.6 | D30: =D29*AF30 -> 784.26 | E30: =E29*AG30 -> 808.59358 | F30: =F29*AH30 -> 838.64188 | G30: =G29*AI30 -> 880.06929 | H30: =H29*AJ30 -> 930.13916 | I30: =I29*AK30 -> 988.91239 | J30: =J29*AL30 -> 1064.9464 | ... N30: =N29*AP30 -> 1597.2686 | O30: =((N30/H30)^(1/7)-1)*100% -> 0.080306887 | Q30: Saudi Arabia | R30: =(D30/C30-1)*100 -> 2.4373046 | S30: =(E30/D30-1)*100 -> 3.1027432 | T30: =(F30/E30-1)*100 -> 3.7161199 | U30: =(G30/F30-1)*100 -> 4.9398209 | V30: =(H30/G30-1)*100 -> 5.6893097 | W30: =(I30/H30-1)*100 -> 6.3187566 | X30: =(J30/I30-1)*100 -> 7.6886531 | Y30: =(K30/J30-1)*100 -> 9.0385336 | ... AB30: =(N30/M30-1)*100 -> 12.252143 | AC30: 0.01 | AD30: Saudi Arabia | AE30: 0.24 | AF30: 0.23975455 | AG30: 0.23950909 | AH30: 0.23926364 | AI30: 0.23901818 | AJ30: 0.23877273 | AK30: 0.23852727 | AL30: 0.23828182 | AM30: 0.23803636 | AN30: 0.23779091 | AO30: 0.23754545 | AP30: 0.2373
B31: UAE | C31: =C29*AE31 -> 689.04 | D31: =D29*AF31 -> 704.77238 | E31: =E29*AG31 -> 725.54286 | F31: =F29*AH31 -> 751.36501 | G31: =G29*AI31 -> 787.28243 | H31: =H29*AJ31 -> 830.80391 | I31: =I29*AK31 -> 881.94793 | J31: =J29*AL31 -> 948.29841 | ... N31: =N29*AP31 -> 1413.512 | O31: =((N31/H31)^(1/7)-1)*100% -> 0.078876086 | Q31: UAE | R31: =(D31/C31-1)*100 -> 2.2832324 | S31: =(E31/D31-1)*100 -> 2.9471182 | T31: =(F31/E31-1)*100 -> 3.5590107 | U31: =(G31/F31-1)*100 -> 4.7802899 | V31: =(H31/G31-1)*100 -> 5.5280639 | W31: =(I31/H31-1)*100 -> 6.1559682 | X31: =(J31/I31-1)*100 -> 7.5231742 | Y31: =(K31/J31-1)*100 -> 8.8703765 | ... AB31: =(N31/M31-1)*100 -> 12.077143 | AC31: 0.02 | AD31: UAE | AE31: 0.216 | AF31: 0.21545455 | AG31: 0.21490909 | AH31: 0.21436364 | AI31: 0.21381818 | AJ31: 0.21327273 | AK31: 0.21272727 | AL31: 0.21218182 | AM31: 0.21163636 | AN31: 0.21109091 | AO31: 0.21054545 | AP31: 0.21
B32: Egypt | C32: =C29*AE32 -> 366.85 | D32: =D29*AF32 -> 377.06809 | E32: =E29*AG32 -> 390.08671 | F32: =F29*AH32 -> 405.95378 | G32: =G29*AI32 -> 427.44884 | H32: =H29*AJ32 -> 453.29455 | I32: =I29*AK32 -> 483.56376 | J32: =J29*AL32 -> 522.49861 | ... N32: =N29*AP32 -> 794.25912 | O32: =((N32/H32)^(1/7)-1)*100% -> 0.083421347 | Q32: Egypt | R32: =(D32/C32-1)*100 -> 2.7853603 | S32: =(E32/D32-1)*100 -> 3.4525892 | T32: =(F32/E32-1)*100 -> 4.0675767 | U32: =(G32/F32-1)*100 -> 5.2949514 | V32: =(H32/G32-1)*100 -> 6.0465031 | W32: =(I32/H32-1)*100 -> 6.677604 | X32: =(J32/I32-1)*100 -> 8.0516479 | Y32: =(K32/J32-1)*100 -> 9.4055993 | ... AB32: =(N32/M32-1)*100 -> 12.628565 | AC32: 0.05 | AD32: Egypt | AE32: 0.115 | AF32: 0.11527273 | AG32: 0.11554545 | AH32: 0.11581818 | AI32: 0.11609091 | AJ32: 0.11636364 | AK32: 0.11663636 | AL32: 0.11690909 | AM32: 0.11718182 | AN32: 0.11745455 | AO32: 0.11772727 | AP32: 0.118
B33: Kuwait | C33: =C29*AE33 -> 319 | D33: =D29*AF33 -> 327.76376 | E33: =E29*AG33 -> 338.95496 | F33: =F29*AH33 -> 352.6126 | G33: =G29*AI33 -> 371.14743 | H33: =H29*AJ33 -> 393.4455 | I33: =I29*AK33 -> 419.566 | J33: =J29*AL33 -> 453.18425 | ... N33: =N29*AP33 -> 687.90917 | O33: =((N33/H33)^(1/7)-1)*100% -> 0.08308811 | Q33: Kuwait | R33: =(D33/C33-1)*100 -> 2.7472616 | S33: =(E33/D33-1)*100 -> 3.4144101 | T33: =(F33/E33-1)*100 -> 4.0293374 | U33: =(G33/F33-1)*100 -> 5.2564287 | V33: =(H33/G33-1)*100 -> 6.0078732 | W33: =(I33/H33-1)*100 -> 6.6389119 | X33: =(J33/I33-1)*100 -> 8.012626 | Y33: =(K33/J33-1)*100 -> 9.3662582 | ... AB33: =(N33/M33-1)*100 -> 12.588582 | AC33: 0.06 | AD33: Kuwait | AE33: 0.1 | AF33: 0.1002 | AG33: 0.1004 | AH33: 0.1006 | AI33: 0.1008 | AJ33: 0.101 | AK33: 0.1012 | AL33: 0.1014 | AM33: 0.1016 | AN33: 0.1018 | AO33: 0.102 | AP33: 0.1022
B34: South Africa | C34: =C29*AE34 -> 539.11 | D34: =D29*AF34 -> 553.40988 | E34: =E29*AG34 -> 571.77933 | F34: =F29*AH34 -> 594.273 | G34: =G29*AI34 -> 624.9389 | H34: =H29*AJ34 -> 661.88086 | I34: =I29*AK34 -> 705.18145 | J34: =J29*AL34 -> 760.99526 | ... N34: =N29*AP34 -> 1151.0026 | O34: =((N34/H34)^(1/7)-1)*100% -> 0.082251185 | Q34: South Africa | R34: =(D34/C34-1)*100 -> 2.652497 | S34: =(E34/D34-1)*100 -> 3.3193224 | T34: =(F34/E34-1)*100 -> 3.933977 | U34: =(G34/F34-1)*100 -> 5.1602381 | V34: =(H34/G34-1)*100 -> 5.9112914 | W34: =(I34/H34-1)*100 -> 6.5420508 | X34: =(J34/I34-1)*100 -> 7.9148154 | Y34: =(K34/J34-1)*100 -> 9.2675223 | ... AB34: =(N34/M34-1)*100 -> 12.487857 | AC34: 0.03 | AD34: South Africa | AE34: 0.169 | AF34: 0.16918182 | AG34: 0.16936364 | AH34: 0.16954545 | AI34: 0.16972727 | AJ34: 0.16990909 | AK34: 0.17009091 | AL34: 0.17027273 | AM34: 0.17045455 | AN34: 0.17063636 | AO34: 0.17081818 | AP34: 0.171
B35: Rest of Middle East & Africa | C35: =C29*AE35 -> 510.4 | D35: =D29*AF35 -> 523.82133 | E35: =E29*AG35 -> 541.08801 | F35: =F29*AH35 -> 562.24918 | G35: =G29*AI35 -> 591.13128 | H35: =H29*AJ35 -> 625.93602 | I35: =I29*AK35 -> 666.73756 | J35: =J29*AL35 -> 719.34976 | ... N35: =N29*AP35 -> 1087.058 | O35: =((N35/H35)^(1/7)-1)*100% -> 0.082046967 | Q35: Rest of Middle East & Africa | R35: =(D35/C35-1)*100 -> 2.6295712 | S35: =(E35/D35-1)*100 -> 3.2962921 | T35: =(F35/E35-1)*100 -> 3.9108542 | U35: =(G35/F35-1)*100 -> 5.1368874 | V35: =(H35/G35-1)*100 -> 5.887819 | W35: =(I35/H35-1)*100 -> 6.518484 | X35: =(J35/I35-1)*100 -> 7.8909906 | Y35: =(K35/J35-1)*100 -> 9.243445 | ... AB35: =(N35/M35-1)*100 -> 12.463211 | AC35: 0.04 | AD35: Rest of Middle East & Africa | AE35: 0.16 | AF35: 0.16013636 | AG35: 0.16027273 | AH35: 0.16040909 | AI35: 0.16054545 | AJ35: 0.16068182 | AK35: 0.16081818 | AL35: 0.16095455 | AM35: 0.16109091 | AN35: 0.16122727 | AO35: 0.16136364 | AP35: 0.1615
AK40: 2023 | AL40: 2030
AJ41: =AD8 -> Flexible Electronics | AK41: =AI8 -> 0.5255 | AL41: =AP8 -> 0.522
AJ42: =AD13 -> Flexible Circuit | AK42: =AI13 -> 0.4745 | AL42: =AP13 -> 0.478
AK57: 2023 | AL57: 2030
AJ58: =AD21 -> Automotive | AK58: =AI21 -> 0.18098182 | AL58: =AP21 -> 0.1813
AJ59: =AD22 -> Military, Defense and Aerospace | AK59: =AI22 -> 0.13836364 | AL59: =AP22 -> 0.139
AJ60: =AD23 -> Consumer Electronics | AK60: =AI23 -> 0.2214 | AL60: =AP23 -> 0.22
AJ61: =AD24 -> Industrial | AK61: =AI24 -> 0.12268182 | AL61: =AP24 -> 0.123
AJ62: =AD25 -> Healthcare and Medical | AK62: =AI25 -> 0.19196364 | AL62: =AP25 -> 0.1905
AJ63: =AD26 -> Energy and Power | AK63: =AI26 -> 0.0855 | AL63: =AP26 -> 0.0862
AJ64: =AD27 -> Others | AK64: =AI27 -> 0.059109091 | AL64: =AP27 -> 0.06
AK76: 2023 | AL76: 2030
AJ77: =AD30 -> Saudi Arabia | AK77: =AI30 -> 0.23901818 | AL77: =AP30 -> 0.2373
AJ78: =AD31 -> UAE | AK78: =AI31 -> 0.21381818 | AL78: =AP31 -> 0.21
AJ79: =AD32 -> Egypt | AK79: =AI32 -> 0.11609091 | AL79: =AP32 -> 0.118
AJ80: =AD33 -> Kuwait | AK80: =AI33 -> 0.1008 | AL80: =AP33 -> 0.1022
AJ81: =AD34 -> South Africa | AK81: =AI34 -> 0.16972727 | AL81: =AP34 -> 0.171
AJ82: =AD35 -> Rest of Middle East & Africa | AK82: =AI35 -> 0.16054545 | AL82: =AP35 -> 0.1615
